,monthly_price,latitude,longitude,bedrooms,bathrooms,daft_link
0,345000,51.917504,-8.442725,4 Bed,3 Bath,http://www.daft.ie/for-sale/semi-detached-house-11-west-avenue-lios-rua-ballyvolane-co-cork/3724952
1,285000,53.847388,-7.501804,4 Bed,3 Bath,http://www.daft.ie/for-sale/detached-house-kilmore-dring-co-longford/3691933
2,340000,51.919545,-8.458636,3 Bed,1 Bath,http://www.daft.ie/for-sale/semi-detached-house-22-mervue-crescent-ballyvolane-ballyvolane-co-cork/3691869
3,158500,53.883592,-9.215307,2 Bed,1 Bath,http://www.daft.ie/for-sale/apartment-beech-turlough-castlebar-co-mayo/3593715
4,499000,52.984607,-6.07034,4 Bed,4 Bath,http://www.daft.ie/for-sale/detached-house-30-sea-scape-wicklow-town-co-wicklow/3725728
5,170000,52.322899,-6.653164,3 Bed,3 Bath,http://www.daft.ie/for-sale/terraced-house-19-stream-street-taghmon-co-wexford/3697236
6,495000,52.626807,-7.439045,4 Bed,1 Bath,http://www.daft.ie/for-sale/detached-house-the-rectory-banse-glebe-kilmanagh-co-kilkenny/3726398
7,369000,53.862408,-6.831088,4 Bed,3 Bath,http://www.daft.ie/for-sale/detached-house-aughamore-kilmainhamwood-co-meath/3611502
8,249000,53.905386,-6.811761,4 Bed,4 Bath,http://www.daft.ie/for-sale/semi-detached-house-20-rockfield-heights-kingscourt-co-cavan/3725636
9,230000,53.85699,-9.307003,4 Bed,3 Bath,http://www.daft.ie/for-sale/semi-detached-house-3-orlagh-grove-castlebar-co-mayo/3709286
10,190000,53.854522,-9.272098,3 Bed,3 Bath,http://www.daft.ie/for-sale/semi-detached-house-12-rinn-na-shiona-castlebar-co-mayo/3710772
11,275000,53.160203,-6.89226,3 Bed,2 Bath,http://www.daft.ie/for-sale/semi-detached-house-31-coolaghknock-avenue-the-plains-kildare-co-kildare/3725524
12,242000,53.766566,-7.491169,4 Bed,2 Bath,http://www.daft.ie/for-sale/bungalow-ballymaurice-granard-granard-co-longford/3724786
13,248500,53.906856,-6.809651,4 Bed,2 Bath,http://www.daft.ie/for-sale/detached-house-12-saint-marys-road-kingscourt-co-cavan/3722852
14,450000,53.084389,-6.963453,4 Bed,3 Bath,http://www.daft.ie/for-sale/detached-house-mylerstown-nurney-co-kildare/3621797
15,365000,51.921156,-8.391202,3 Bed,3 Bath,http://www.daft.ie/for-sale/semi-detached-house-60-mill-view-ballinglanna-glanmire-co-cork/3717645
16,295000,51.923944,-8.400109,3 Bed,3 Bath,http://www.daft.ie/for-sale/semi-detached-house-3-the-alders-castlejane-woods-glanmire-co-cork/3715662
17,425000,53.730206,-6.843456,3 Bed,3 Bath,http://www.daft.ie/for-sale/end-of-terrace-house-11-lower-courtyard-headfort-demesne-kells-co-meath/3562642
18,215000,53.856908,-9.319109,3 Bed,2 Bath,http://www.daft.ie/for-sale/end-of-terrace-house-19-dunbeag-newport-road-castlebar-co-mayo/55206
19,495000,52.484956,-6.600492,4 Bed,3 Bath,http://www.daft.ie/for-sale/detached-house-knockmarshal-enniscorthy-co-wexford/3732422
20,325000,52.166588,-7.170962,3 Bed,3 Bath,http://www.daft.ie/for-sale/semi-detached-house-128-cluain-l-rach-knockenduff-tramore-co-waterford/3735982
21,390000,53.21806,-7.000567,4 Bed,3 Bath,http://www.daft.ie/for-sale/detached-house-ansboro-spencer-dock-rathangan-co-kildare/3607233
22,200000,53.871529,-8.849148,6 Bed,3 Bath,http://www.daft.ie/for-sale/apartment-ballaghadereen-road-kilkelly-co-mayo/3735927
23,280000,51.916918,-8.424022,3 Bed,1 Bath,http://www.daft.ie/for-sale/detached-house-tara-9-city-view-mews-banduff-co-cork/3735751
24,395000,53.318976,-6.210517,2 Bed,1 Bath,http://www.daft.ie/for-sale/apartment-apartment-64-merrion-village-dublin-4/3735692
25,120000,52.121692640396205,-8.188764438149974,1+ bed,1+ bath,http://www.daft.ie/for-sale/site-coolagown-fermoy-co-cork/105641
26,120000,52.14170210723779,-8.215781380270641,1+ bed,1+ bath,http://www.daft.ie/for-sale/site-fermoy-clondulane-co-cork/3734687
27,395000,53.143894,-8.777928,5 Bed,3 Bath,http://www.daft.ie/for-sale/detached-house-lyme-house-tullira-ardrahan-co-galway/3712712
28,345000,53.278618,-6.216283,2 Bed,1 Bath,http://www.daft.ie/for-sale/apartment-apartment-405-the-edges-2-beacon-south-quarter-sandyford-dublin-18/3733385
29,270000,53.404227,-6.406976,2 Bed,2 Bath,http://www.daft.ie/for-sale/apartment-apartment-46-whatley-hall-clonee-dublin-15/3728891
30,60000,51.90215936788013,-8.474764776920665,1+ bed,1+ bath,http://www.daft.ie/for-sale/site-moylans-lane-domnick-street-co-cork/3727540
31,495000,53.510111,-6.543912,4 Bed,3 Bath,http://www.daft.ie/for-sale/detached-house-3-marble-hall-dunshaughlin-co-meath/3723303
32,215000,51.9029536,-8.4946449,3 Bed,1 Bath,http://www.daft.ie/for-sale/terraced-house-68-orrery-road-gurranabraher-co-cork/3733983
33,465000,51.866037,-8.347734,4 Bed,4 Bath,http://www.daft.ie/for-sale/detached-house-50-avondale-mews-passage-west-co-cork/3733548
34,135000,52.16513931326617,-7.141922872752843,1+ bed,1+ bath,http://www.daft.ie/for-sale/site-site-at-old-crobally-road-tramore-co-waterford/3480561
35,370000,51.867577,-8.488183,4 Bed,3 Bath,http://www.daft.ie/for-sale/end-of-terrace-house-16-ardcahon-close-coolkellure-lehenaghmore-co-cork/3733232
36,395000,53.21067191723313,-6.674148555523544,3 Bed,3 Bath,http://www.daft.ie/new-home-for-sale/terraced-house-3-bedroom-terraced-house-whitethorn-whitethorn-naas-co-kildare/2839614
37,375000,53.123648903028794,-6.0660741580064155,2 Bed,2 Bath,http://www.daft.ie/new-home-for-sale/apartment-2-bedroom-apartment-hawkins-wood-hawkins-wood-greystones-co-wicklow/3668821
38,415000,53.123648903028794,-6.0660741580064155,3 Bed,3 Bath,http://www.daft.ie/new-home-for-sale/duplex-3-bedroom-duplex-hawkins-wood-hawkins-wood-greystones-co-wicklow/3668822
39,440000,53.123648903028794,-6.0660741580064155,2 Bed,3 Bath,http://www.daft.ie/new-home-for-sale/terraced-house-2-bedroom-house-hawkins-wood-hawkins-wood-greystones-co-wicklow/3736604
40,490000,53.123648903028794,-6.0660741580064155,3 Bed,3 Bath,http://www.daft.ie/new-home-for-sale/terraced-house-3-bedroom-terraced-house-hawkins-wood-hawkins-wood-greystones-co-wicklow/3736605
41,310000,53.29928158820707,-6.496535629858317,2 Bed,2 Bath,http://www.daft.ie/new-home-for-sale/apartment-2-bedroom-apartment-graydon-graydon-newcastle-co-dublin/3526065
42,350000,53.29928158820707,-6.496535629858317,3 Bed,3 Bath,http://www.daft.ie/new-home-for-sale/duplex-3-bedroom-duplex-graydon-graydon-newcastle-co-dublin/3526064
43,250000,52.751044,-7.572386,4 Bed,2 Bath,http://www.daft.ie/for-sale/detached-house-plum-cottage-foulkscourt-johnstown-co-kilkenny/3731593
44,415000,53.395645,-6.287262,3 Bed,1 Bath,http://www.daft.ie/for-sale/semi-detached-house-40-cedarwood-park-glasnevin-glasnevin-dublin-11/3733516
45,425000,53.339676,-6.233632,2 Bed,2 Bath,http://www.daft.ie/for-sale/end-of-terrace-house-34-gordon-street-ringsend-ringsend-dublin-4/3578483
46,425000,51.876779,-8.491901,4 Bed,2 Bath,http://www.daft.ie/for-sale/detached-house-kilreens-tramore-road-co-cork/3726089
47,280000,53.399216,-6.180539,3 Bed,2 Bath,http://www.daft.ie/for-sale/apartment-25-doonbeg-house-clare-village-clarehall-dublin-13/3730726
48,229000,53.659132,-6.670789,2 Bed,2 Bath,http://www.daft.ie/for-sale/terraced-house-152-blackcastle-demesne-slane-road-navan-co-meath/3711142
49,475000,53.423441,-6.479653,4 Bed,3 Bath,http://www.daft.ie/for-sale/semi-detached-house-13-the-court-lutterell-hall-dunboyne-co-meath/3693538
50,495000,52.690835,-7.278499,4 Bed,3 Bath,http://www.daft.ie/for-sale/detached-house-troyswood-kilkenny-co-kilkenny/3717979
51,400000,53.305255133713196,-6.317437448600732,4 Bed,3 Bath,http://www.daft.ie/for-sale/detached-house-templeville-road-templeogue-dublin-6w/3723887
52,385000,52.672541,-8.663842,4 Bed,2 Bath,http://www.daft.ie/for-sale/detached-house-1-melvin-grove-caherdavin-park-ennis-road-co-limerick/3731924
53,395000,53.2635,-9.070354,2 Bed,1 Bath,http://www.daft.ie/for-sale/apartment-37-arasain-na-mara-grattan-road-salthill-co-galway/3729916
54,280000,53.274358,-9.106432,2 Bed,2 Bath,http://www.daft.ie/for-sale/apartment-garrai-coirce-clybaun-rd-upper-knocknacarra-co-galway/3711456
55,475000,53.286221,-9.069351,4 Bed,2 Bath,http://www.daft.ie/for-sale/detached-house-12-sylvan-close-fairlands-park-newcastle-co-galway/3696291
56,295000,53.284444,-6.386908,3 Bed,1 Bath,http://www.daft.ie/for-sale/semi-detached-house-48-raheen-road-tallaght-tallaght-dublin-24/3707979
57,280000,53.291307,-6.383685,3 Bed,1 Bath,http://www.daft.ie/for-sale/terraced-house-41-birchwood-drive-springfield-tallaght-dublin-24/3726696
58,380000,53.283488,-6.36479,4 Bed,3 Bath,http://www.daft.ie/for-sale/end-of-terrace-house-118-watergate-tallaght-tallaght-dublin-24/3729022
59,80000,53.944286,-8.269494,2 Bed,1 Bath,http://www.daft.ie/for-sale/detached-house-knockarush-boyle-co-roscommon/3715298
60,289000,52.651228,-8.559141,3 Bed,2 Bath,http://www.daft.ie/for-sale/semi-detached-house-101-evanwood-golf-links-road-castletroy-co-limerick/3730505
61,205000,54.258264,-8.474966,3 Bed,3 Bath,http://www.daft.ie/for-sale/semi-detached-house-46-rusheen-rd-caltragh-sligo-co-sligo/3731132
62,450000,53.330962,-6.225902,2 Bed,1 Bath,http://www.daft.ie/for-sale/apartment-4-raglan-house-ballsbridge-court-ballsbridge-dublin-4/3731429
63,199000,54.26945,-8.457496,2 Bed,2 Bath,http://www.daft.ie/for-sale/terraced-house-2-doorly-park-sligo-co-sligo/3726860
64,475000,52.596146,-7.239111,4 Bed,2 Bath,http://www.daft.ie/for-sale/detached-house-1-rathclogh-danesfort-co-kilkenny/3730480
65,285000,52.593611,-8.47801,4 Bed,2 Bath,http://www.daft.ie/for-sale/detached-house-7-castlepark-caherconlish-co-limerick/3729546
66,275000,52.089553,-7.624474,3 Bed,2 Bath,http://www.daft.ie/for-sale/terraced-house-60-oconnell-street-dungarvan-co-waterford/3535094
67,165000,52.101108,-7.601015,3 Bed,1 Bath,http://www.daft.ie/for-sale/end-of-terrace-house-11-cluain-garbh-n-abbeyside-dungarvan-co-waterford/3575125
68,360000,53.4446584,-6.2442578,3 Bed,2 Bath,http://www.daft.ie/for-sale/terraced-house-18-ridgewood-court-swords-co-dublin/3729271
69,425000,51.867412,-8.401127,4 Bed,2 Bath,http://www.daft.ie/for-sale/bungalow-30-foxwood-rochestown-co-cork/3726072
70,495000,51.891073,-8.448247,3 Bed,4 Bath,http://www.daft.ie/for-sale/bungalow-hillside-willow-lawn-boreenmanna-road-co-cork/3685537
71,209000,52.100788,-7.601586,3 Bed,3 Bath,http://www.daft.ie/for-sale/duplex-22-botairin-na-muillinn-dungarvan-co-waterford/3728818
72,325000,53.502006,-6.455918,3 Bed,3 Bath,http://www.daft.ie/for-sale/end-of-terrace-house-3-the-drive-milltree-park-ratoath-co-meath/3718377
73,225000,53.402775,-6.301179,2 Bed,2 Bath,http://www.daft.ie/for-sale/apartment-2-melville-square-meakstown-finglas-dublin-11/3728411
74,250000,54.262681,-8.468579,4 Bed,3 Bath,http://www.daft.ie/for-sale/semi-detached-house-14-ashbrook-pearse-road-sligo-co-sligo/3728956
75,295000,53.270294,-6.238367,2 Bed,2 Bath,http://www.daft.ie/for-sale/apartment-apartment-105-sandyford-view-sandyford-dublin-18/3556241
76,200000,53.40437,-6.293861,2 Bed,1 Bath,http://www.daft.ie/for-sale/apartment-39-lanesborough-court-finglas-finglas-dublin-11/3700788
77,325000,53.383169,-6.289608,3 Bed,1 Bath,http://www.daft.ie/for-sale/terraced-house-2-glenhill-grove-finglas-east-finglas-dublin-11/3716464
78,270000,53.39925,-6.183116,2 Bed,2 Bath,http://www.daft.ie/for-sale/apartment-35-kilkee-house-clare-village-clarehall-dublin-13/3726206
79,239000,54.232212,-8.292646,4 Bed,2 Bath,http://www.daft.ie/for-sale/detached-house-6-wood-green-forest-park-dromahair-co-leitrim/3728493
80,165000,54.212132,-8.506326,4 Bed,2 Bath,http://www.daft.ie/for-sale/terraced-house-36-bushy-park-ballisodare-co-sligo/3728261
81,345000,53.734743,-7.791685,5 Bed,4 Bath,http://www.daft.ie/for-sale/detached-house-13-woodlands-abbeycartron-longford/3695862
82,200000,52.0515982,-9.497674,1+ bed,1+ bath,http://www.daft.ie/for-sale/site-site-a-b-woodlawn-road-killarney-co-kerry/3705829
83,445000,53.740148,-8.902619,4 Bed,5 Bath,http://www.daft.ie/for-sale/detached-house-cloongawnagh-ballyhowly-claremorris-co-mayo/3726157
84,360000,51.890523,-8.597339,3 Bed,3 Bath,http://www.daft.ie/for-sale/end-of-terrace-house-83-coopers-grange-old-quarter-ballincollig-co-cork/3726358
85,255000,53.401676,-6.435784,2 Bed,1 Bath,http://www.daft.ie/for-sale/apartment-35-linnetfields-square-clonee-dublin-15/3595187
86,295000,53.442078,-6.211803,2 Bed,2 Bath,http://www.daft.ie/for-sale/terraced-house-5-holywell-heights-swords-co-dublin/3727847
87,149000,54.270392,-8.465297,4 Bed,1 Bath,http://www.daft.ie/for-sale/terraced-house-35-abbeyville-park-sligo-co-sligo/3722854
88,99000,52.363944,-9.577548,2 Bed,1+ bath,http://www.daft.ie/for-sale/detached-house-naries-country-cottage-leampreaghane-tralee-co-kerry/3726713
89,99000,51.75928840367823,-9.84463664069088,2 Bed,1+ bath,http://www.daft.ie/for-sale/detached-house-waters-edge-cottage-collorus-lauragh-co-kerry/3726806
90,325000,53.402007,-6.405173,3 Bed,1 Bath,http://www.daft.ie/for-sale/bungalow-25-ashfield-garden-clonsilla-dublin-15/3726332
91,265000,53.748247,-7.801423,5 Bed,2 Bath,http://www.daft.ie/for-sale/bungalow-clonbalt-house-longford-town-co-longford/3674539
92,185000,51.906404,-8.463659,3 Bed,1 Bath,http://www.daft.ie/for-sale/end-of-terrace-house-196-old-youghal-road-co-cork/3725692
93,265000,53.151472,-7.184278,3 Bed,2 Bath,http://www.daft.ie/for-sale/semi-detached-house-60-whitefields-station-road-portarlington-co-laois/3725687
94,299950,53.363769,-6.24874,2 Bed,1 Bath,http://www.daft.ie/for-sale/apartment-311-the-distillery-building-drumcondra-dublin-3/3566317
95,495000,53.466688,-9.127366,5 Bed,5 Bath,http://www.daft.ie/for-sale/detached-house-tobercrossaun-headford-co-galway/3594036
96,485000,53.3619069,-6.282803,3 Bed,2 Bath,http://www.daft.ie/for-sale/semi-detached-house-57-dowth-avenue-dublin-7/3724614
97,445000,53.4689212,-6.2310072,4 Bed,3 Bath,http://www.daft.ie/for-sale/semi-detached-house-102-sandford-wood-swords-co-dublin/3723679
98,395000,53.4678589,-6.2346825,3 Bed,2 Bath,http://www.daft.ie/for-sale/semi-detached-house-14-glen-ellan-gardens-swords-co-dublin/3718056
99,240000,51.879883,-8.515976,2 Bed,1 Bath,http://www.daft.ie/for-sale/terraced-house-4-wilton-park-villas-bishopstown-road-bishopstown-co-cork/3673301
100,99000,53.844876,-8.497015,4 Bed,1 Bath,http://www.daft.ie/for-sale/detached-house-fairymount-frenchpark-co-roscommon/3706130
101,395000,51.821861,-8.461936,4 Bed,3 Bath,http://www.daft.ie/for-sale/detached-house-25-gleann-rua-ballygarvan-co-cork/3719817
102,450000,52.631141,-7.27664,4 Bed,2 Bath,http://www.daft.ie/for-sale/detached-house-willow-lodge-the-crescent-kilkenny-co-kilkenny/3713418
103,162000,53.730298,-9.005075,3 Bed,2 Bath,http://www.daft.ie/for-sale/end-of-terrace-house-30-grattan-close-grattan-park-claremorris-co-mayo/3723480
104,190000,51.871518,-8.334968,2 Bed,2 Bath,http://www.daft.ie/for-sale/apartment-apartment-15-mariners-quay-passage-west-co-cork/3709142
105,350000,53.703455,-6.322274,4 Bed,3 Bath,http://www.daft.ie/for-sale/detached-house-10-five-oaks-village-dublin-road-drogheda-co-louth/3709787
106,95000,53.65244492574425,-6.298372554906081,1+ bed,1+ bath,http://www.daft.ie/for-sale/site-lisdornan-julianstown-co-meath/3718581
107,375000,53.279505,-6.365396,3 Bed,1 Bath,http://www.daft.ie/for-sale/semi-detached-house-11-tymon-lawn-oldbawn-tallaght-dublin-24/3709454
108,205000,53.277674,-6.413727,2 Bed,1 Bath,http://www.daft.ie/for-sale/apartment-40-belfry-park-citywest-co-dublin/3716027
109,215000,53.278089,-6.419148,2 Bed,2 Bath,http://www.daft.ie/for-sale/apartment-apartment-23-block-a-belfry-hall-citywest-co-dublin/3716190
110,250000,53.78503,-8.917646,5 Bed,3 Bath,http://www.daft.ie/for-sale/detached-house-mystical-rose-churchfield-knock-co-mayo/3723077
111,495000,54.267859,-8.498495,5 Bed,4 Bath,http://www.daft.ie/for-sale/detached-house-6-linnet-lane-kevinsfort-sligo-co-sligo/3723227
112,179000,54.177606,-8.492082,4 Bed,3 Bath,http://www.daft.ie/for-sale/semi-detached-house-5-radharc-na-gcaisle-n-collooney-co-sligo/3722799
113,280000,53.384214,-6.211992,2 Bed,1 Bath,http://www.daft.ie/for-sale/apartment-apartment-79-block-a-the-timber-mill-artane-dublin-5/3709126
114,75000,54.267497,-8.47235,1 Bed,1 Bath,http://www.daft.ie/for-sale/apartment-apartment-13-block-b-city-gate-connolly-street-sligo-co-sligo/3722653
115,350000,51.869937,-8.444275,4 Bed,2 Bath,http://www.daft.ie/for-sale/detached-house-50-grange-erin-douglas-douglas-co-cork/3718759
116,235000,53.166638,-7.185895,3 Bed,2 Bath,http://www.daft.ie/for-sale/semi-detached-house-121-crann-nua-portarlington-co-laois/3722111
117,195000,52.130668,-8.289032,3 Bed,2 Bath,http://www.daft.ie/for-sale/end-of-terrace-house-111-glencullen-fermoy-co-cork/3719838
118,250000,52.140601,-8.275076,4 Bed,3 Bath,http://www.daft.ie/for-sale/townhouse-16-francis-street-rathealy-fermoy-co-cork/2884077
119,275000,52.140601,-8.275013,3 Bed,3 Bath,http://www.daft.ie/for-sale/terraced-house-15b-francis-street-rathealy-fermoy-co-cork/3586530
120,170000,52.147995,-8.052447,3 Bed,2 Bath,http://www.daft.ie/for-sale/detached-house-ballyduff-lismore-co-waterford/3721334
121,310000,53.154406,-7.184194,4 Bed,3 Bath,http://www.daft.ie/for-sale/semi-detached-house-92-castlegate-station-road-portarlington-co-laois/3717334
122,495000,53.3129023,-6.3220592,3 Bed,1 Bath,http://www.daft.ie/for-sale/detached-house-5-avondale-terrace-perrystown-dublin-12/3641679
123,225000,52.817721,-8.867773,3 Bed,3 Bath,http://www.daft.ie/for-sale/semi-detached-house-22-d-n-na-manach-quin-ennis-co-clare/3696845
124,320000,52.848745,-9.431919,3 Bed,2 Bath,http://www.daft.ie/for-sale/bungalow-38-westpark-spanish-point-spanish-point-co-clare/3712930
125,290000,53.56565,-6.385777,3 Bed,2 Bath,http://www.daft.ie/for-sale/semi-detached-house-9-ballygarra-park-garristown-co-dublin/3551533
126,279000,53.331582,-6.325489,2 Bed,2 Bath,http://www.daft.ie/for-sale/terraced-house-76-kilworth-road-drimnagh-drimnagh-dublin-12/3694716
127,325000,53.271369,-9.050513,2 Bed,2 Bath,http://www.daft.ie/for-sale/apartment-apartment-26-hynes-yard-co-galway/3718521
128,195000,54.264432,-8.469971,4 Bed,3 Bath,http://www.daft.ie/for-sale/detached-house-sunnyvale-mail-coach-road-sligo-co-sligo/3718381
129,290000,53.700501,-6.628345,3 Bed,1 Bath,http://www.daft.ie/for-sale/bungalow-willow-cottage-caucestown-navan-co-meath/3707344
130,150000,53.909899,-9.413245,3 Bed,2 Bath,http://www.daft.ie/for-sale/detached-house-muckanagh-glenisland-castlebar-co-mayo/3535943
131,275000,53.154937,-7.184054,4 Bed,3 Bath,http://www.daft.ie/for-sale/semi-detached-house-6-castlegate-station-road-portarlington-co-laois/3716205
132,395000,52.631473,-8.638177,4 Bed,2 Bath,http://www.daft.ie/for-sale/detached-house-10-the-hurdles-huntsfield-dooradoyle-co-limerick/3717034
133,300000,51.9057,-8.461541,2 Bed,1 Bath,http://www.daft.ie/for-sale/end-of-terrace-house-1-pinafore-villas-military-road-st-lukes-co-cork/3712762
134,295000,51.917658,-8.447921,3 Bed,2 Bath,http://www.daft.ie/for-sale/detached-house-4-ashgrove-villas-ballyvolane-ballyvolane-co-cork/3716008
135,375000,53.347672,-6.458868,4 Bed,3 Bath,http://www.daft.ie/for-sale/semi-detached-house-13-the-paddocks-drive-lucan-co-dublin/3713098
136,175000,51.872031,-8.495692,1 Bed,2 Bath,http://www.daft.ie/for-sale/terraced-house-43-palmbury-orchard-togher-togher-co-cork/3636222
137,275000,51.88299,-8.471827,3 Bed,1 Bath,http://www.daft.ie/for-sale/end-of-terrace-house-18-botanic-road-ballyphehane-ballyphehane-co-cork/3705314
138,315000,54.20614,-8.508924,4 Bed,3 Bath,http://www.daft.ie/for-sale/detached-house-46-carra-g-abh-inn-ballisodare-co-sligo/3715817
139,215000,54.258315,-8.472466,3 Bed,3 Bath,http://www.daft.ie/for-sale/semi-detached-house-128-rusheen-rd-caltragh-sligo-co-sligo/3715513
140,415000,52.909342,-7.350865,5 Bed,4 Bath,http://www.daft.ie/for-sale/detached-house-11-de-vesci-hill-abbeyleix-co-laois/3713088
141,495000,52.857581,-8.946655,4 Bed,4 Bath,http://www.daft.ie/for-sale/detached-house-rosbrook-house-tulla-road-ennis-co-clare/3713503
142,350000,52.935812,-8.923608,5 Bed,3 Bath,http://www.daft.ie/for-sale/detached-house-the-beeches-cullenagh-crusheen-co-clare/3713231
143,335000,51.84820501973476,-8.780914411674843,3 Bed,3 Bath,http://www.daft.ie/new-home-for-sale/semi-detached-house-house-type-d-river-meadows-river-meadows-cloughduv-co-cork/3713064
144,340000,51.84820501973476,-8.780914411674843,3 Bed,3 Bath,http://www.daft.ie/new-home-for-sale/semi-detached-house-house-type-b-river-meadows-river-meadows-cloughduv-co-cork/3723125
145,390000,51.84820501973476,-8.780914411674843,4 Bed,3 Bath,http://www.daft.ie/new-home-for-sale/semi-detached-house-house-type-e1-river-meadows-river-meadows-cloughduv-co-cork/3713061
146,430000,51.84820501973476,-8.780914411674843,4 Bed,3 Bath,http://www.daft.ie/new-home-for-sale/detached-house-house-type-e-river-meadows-river-meadows-cloughduv-co-cork/3713060
147,445000,51.84820501973476,-8.780914411674843,4 Bed,3 Bath,http://www.daft.ie/new-home-for-sale/detached-house-house-type-a-river-meadows-river-meadows-cloughduv-co-cork/3723148
148,245000,53.285029,-6.37814,3 Bed,1 Bath,http://www.daft.ie/for-sale/terraced-house-9-alderpark-court-tallaght-tallaght-dublin-24/3711197
149,196000,54.274208,-8.505453,3 Bed,2 Bath,http://www.daft.ie/for-sale/semi-detached-house-23-seaview-park-first-sea-road-sligo-co-sligo/3656516
150,335000,53.395999,-6.419991,3 Bed,1 Bath,http://www.daft.ie/for-sale/bungalow-6-meadow-way-hartstown-clonsilla-dublin-15/3711355
151,420000,52.21956,-6.51365,5 Bed,4 Bath,http://www.daft.ie/for-sale/detached-house-moortown-kilmore-co-wexford/3499054
152,350000,53.036329,-7.290932,4 Bed,2 Bath,http://www.daft.ie/for-sale/detached-house-moss-lane-dublin-road-portlaoise-co-laois/3697334
153,325000,54.0083,-6.398837,3 Bed,2 Bath,http://www.daft.ie/for-sale/townhouse-16-saint-marys-road-dundalk-co-louth/3638163
154,320000,52.66852,-8.648214,3 Bed,1 Bath,http://www.daft.ie/for-sale/semi-detached-house-rathpeake-5-hazeldene-drive-ennis-road-co-limerick/3699182
155,399000,53.466192,-6.238504,4 Bed,3 Bath,http://www.daft.ie/for-sale/semi-detached-house-54-ardcian-park-swords-co-dublin/3709133
156,125000,53.797414,-8.398895,2 Bed,1 Bath,http://www.daft.ie/for-sale/detached-house-caddlebrook-castlerea-co-roscommon/3701554
157,160000,51.912863,-8.471636,2 Bed,1 Bath,http://www.daft.ie/for-sale/apartment-6-glen-hall-apartments-thomas-davis-street-blackpool-co-cork/3707499
158,270000,52.353157,-7.406858,3 Bed,2 Bath,http://www.daft.ie/for-sale/detached-house-2-cregg-lawns-carrick-on-suir-co-tipperary/3697718
159,249950,53.524324,-7.369362,4 Bed,3 Bath,http://www.daft.ie/for-sale/semi-detached-house-129-ardilaun-green-ballymahon-road-mullingar-co-westmeath/3593383
160,329000,52.806293,-6.419514,3 Bed,2 Bath,http://www.daft.ie/for-sale/detached-house-the-wood-killavaney-tinahely-co-wicklow/3667686
161,320000,53.7277741,-6.8879349,4 Bed,3 Bath,http://www.daft.ie/for-sale/detached-house-3-tobair-ban-kells-co-meath/3702471
162,450000,53.898437,-6.676491,5 Bed,4 Bath,http://www.daft.ie/for-sale/detached-house-greatwood-ardee-co-louth/3688699
163,280000,53.40455,-6.17924,2 Bed,2 Bath,http://www.daft.ie/for-sale/apartment-apartment-11-burnell-court-mayne-river-avenue-clarehall-dublin-13/3701902
164,259950,52.938243,-6.695427,3 Bed,2 Bath,http://www.daft.ie/for-sale/detached-house-100-ardglass-baltinglass-co-wicklow/3594702
165,475000,52.617666,-8.476698,7 Bed,4 Bath,http://www.daft.ie/for-sale/bungalow-bearys-cross-boher-co-limerick/3593289
166,495000,51.930014,-8.522188,4 Bed,3 Bath,http://www.daft.ie/for-sale/detached-house-8-ingle-downs-killeens-co-cork/3698865
167,465000,53.511364,-6.550848,4 Bed,3 Bath,http://www.daft.ie/for-sale/detached-house-10-manor-court-dunshaughlin-co-meath/3694598
168,195000,53.970092,-7.643085,6 Bed,3 Bath,http://www.daft.ie/for-sale/detached-house-19-church-manor-carrigallen-co-leitrim/3685766
169,300000,53.388233,-6.071194,1 Bed,1 Bath,http://www.daft.ie/for-sale/apartment-apartment-1-waveney-house-howth-dublin-13/3516992
170,450000,52.241577,-7.091457,6 Bed,2 Bath,http://www.daft.ie/for-sale/detached-house-shangril-williamstown-road-co-waterford/3549721
171,265000,53.457375,-6.22176,2 Bed,1 Bath,http://www.daft.ie/for-sale/end-of-terrace-house-5-river-lane-saint-colmcilles-court-swords-co-dublin/3694804
172,355000,51.922593,-8.385993,4 Bed,3 Bath,http://www.daft.ie/for-sale/semi-detached-house-27-fernwood-glanmire-glanmire-co-cork/3697396
173,440000,53.318905,-6.333657,3 Bed,1 Bath,http://www.daft.ie/for-sale/terraced-house-9-walkinstown-drive-walkinstown-dublin-12/3695820
174,330000,52.921618,-7.340748,3 Bed,1 Bath,http://www.daft.ie/for-sale/bungalow-18-abbey-crescent-ballyroan-road-abbeyleix-co-laois/3735721
175,350000,53.358112,-6.296885,2 Bed,1 Bath,http://www.daft.ie/for-sale/house-13-glenmore-road-blackhorse-avenue-dublin-7/3736569
176,425000,51.871797,-8.432649,4 Bed,3 Bath,http://www.daft.ie/for-sale/semi-detached-house-14-hunters-way-maryborough-woods-douglas-co-cork/3693710
177,275000,53.44797,-6.23378,2 Bed,2 Bath,http://www.daft.ie/for-sale/apartment-51-boroimhe-birches-swords-co-dublin/3719144
178,275000,51.919618,-8.486807,4 Bed,2 Bath,http://www.daft.ie/for-sale/semi-detached-house-10-birchwood-close-onslow-gardens-blackpool-co-cork/3462367
179,275000,53.337498,-6.295032,1 Bed,1 Bath,http://www.daft.ie/for-sale/terraced-house-23-rialto-cottages-rialto-rialto-dublin-8/3471891
180,257000,52.168838,-7.13363,3 Bed,2 Bath,http://www.daft.ie/for-sale/semi-detached-house-68-the-estuary-somerville-tramore-co-waterford/3735862
181,255000,53.291171,-6.817076,3 Bed,3 Bath,http://www.daft.ie/for-sale/semi-detached-house-37-woodlands-park-coill-dubh-coill-dubh-co-kildare/3600862
182,225000,53.334716,-7.03955,3 Bed,2 Bath,http://www.daft.ie/for-sale/semi-detached-house-10-derrycorris-drive-edenderry-co-offaly/3726512
183,140000,53.858866,-7.602393,3 Bed,2 Bath,http://www.daft.ie/for-sale/semi-detached-house-cleenrah-aughnacliffe-co-longford/3712563
184,490000,53.435712,-6.167225,3 Bed,1 Bath,http://www.daft.ie/for-sale/bungalow-2-connolly-avenue-malahide-co-dublin/3727636
185,365000,53.092677,-6.943112,4 Bed,3 Bath,http://www.daft.ie/for-sale/detached-house-42-cois-na-habhainn-kildare-co-kildare/3644933
186,285000,53.403541,-6.412461,2 Bed,1 Bath,http://www.daft.ie/for-sale/terraced-house-8-bramblefield-court-clonee-clonee-dublin-15/3713650
187,320000,53.26726,-9.088863,2 Bed,2 Bath,http://www.daft.ie/for-sale/apartment-6-cuan-na-coille-fort-lorenzo-galway-taylors-hill-co-galway/3719157
188,345000,53.26728,-9.088937,3 Bed,2 Bath,http://www.daft.ie/for-sale/duplex-11-cuan-na-coille-fort-lorenzo-galway-taylors-hill-co-galway/3698143
189,225000,53.400571,-6.265693,3 Bed,2 Bath,http://www.daft.ie/for-sale/apartment-apartment-28-linnbhla-santry-cross-ballymun-dublin-9/3734888
190,145000,52.847944,-9.001783,4 Bed,2 Bath,http://www.daft.ie/for-sale/semi-detached-house-44-dun-na-hinse-lahinch-road-ennis-co-clare/3732978
191,425000,53.100155,-8.723718,5 Bed,4 Bath,http://www.daft.ie/for-sale/detached-house-farnaun-gort-co-galway/3723127
192,50000,53.19755851612475,-7.274921925873741,1+ bed,1+ bath,http://www.daft.ie/for-sale/site-kilcooney-clonygowan-co-offaly/97878
193,325000,53.386289,-6.249342,2 Bed,1 Bath,http://www.daft.ie/for-sale/terraced-house-212-larkhill-road-whitehall-dublin-9/3734522
194,385000,53.4714238,-6.2386134,3 Bed,3 Bath,http://www.daft.ie/for-sale/end-of-terrace-house-1-castleview-lawns-swords-co-dublin/3733766
195,220000,53.510131,-6.536493,2 Bed,1 Bath,http://www.daft.ie/for-sale/apartment-29-the-courtyard-dunshaughlin-co-meath/3696484
196,375000,53.400428,-6.138456,3 Bed,3 Bath,http://www.daft.ie/for-sale/duplex-4-red-arches-road-the-coast-baldoyle-dublin-13/3730166
197,495000,53.287494,-6.241042,2 Bed,2 Bath,http://www.daft.ie/for-sale/apartment-apartment-17-ridgeford-dundrum-dublin-14/3729944
198,275000,51.887844,-8.525316,3 Bed,1 Bath,http://www.daft.ie/for-sale/semi-detached-house-6-kenley-avenue-model-farm-road-model-farm-road-co-cork/2737927
199,165000,51.893196,-8.475598,2 Bed,1 Bath,http://www.daft.ie/for-sale/terraced-house-62-saint-kevin-square-barrack-street-co-cork/3725731
200,245000,53.510465,-6.536121,2 Bed,1 Bath,http://www.daft.ie/for-sale/apartment-17-the-courtyard-dunshaughlin-co-meath/3723313
201,255000,52.51393159173378,-6.594475219414221,3 Bed,2 Bath,http://www.daft.ie/new-home-for-sale/semi-detached-house-house-type-aa-old-forge-road-old-forge-road-milehouse-road-enniscorthy-co-wexford/3509744
202,270000,52.51393159173378,-6.594475219414221,4 Bed,2 Bath,http://www.daft.ie/new-home-for-sale/semi-detached-house-house-type-bb-old-forge-road-old-forge-road-milehouse-road-enniscorthy-co-wexford/3509743
203,275000,52.51393159173378,-6.594475219414221,3 Bed,3 Bath,http://www.daft.ie/new-home-for-sale/semi-detached-house-house-type-a-old-forge-road-old-forge-road-milehouse-road-enniscorthy-co-wexford/2908411
204,290000,52.51393159173378,-6.594475219414221,4 Bed,3 Bath,http://www.daft.ie/new-home-for-sale/semi-detached-house-house-type-b-old-forge-road-old-forge-road-milehouse-road-enniscorthy-co-wexford/2908413
205,239500,54.6393277767651,-8.108073253933213,3 Bed,2 Bath,http://www.daft.ie/new-home-for-sale/terraced-house-house-type-e1-the-grange-the-grange-lurganboy-donegal-town-co-donegal/3735955
206,239500,54.6393277767651,-8.108073253933213,3 Bed,2 Bath,http://www.daft.ie/new-home-for-sale/terraced-house-house-type-d1-the-grange-the-grange-lurganboy-donegal-town-co-donegal/3735956
207,249500,54.6393277767651,-8.108073253933213,3 Bed,2 Bath,http://www.daft.ie/new-home-for-sale/end-of-terrace-house-house-type-d-the-grange-the-grange-lurganboy-donegal-town-co-donegal/3735953
208,249500,54.6393277767651,-8.108073253933213,3 Bed,2 Bath,http://www.daft.ie/new-home-for-sale/end-of-terrace-house-house-type-e-the-grange-the-grange-lurganboy-donegal-town-co-donegal/3735958
209,255000,54.6393277767651,-8.108073253933213,3 Bed,2 Bath,http://www.daft.ie/new-home-for-sale/semi-detached-house-house-type-c1-the-grange-the-grange-lurganboy-donegal-town-co-donegal/3735954
210,259500,54.6393277767651,-8.108073253933213,3 Bed,2 Bath,http://www.daft.ie/new-home-for-sale/semi-detached-house-house-type-b-the-grange-the-grange-lurganboy-donegal-town-co-donegal/3735952
211,299500,54.6393277767651,-8.108073253933213,4 Bed,2 Bath,http://www.daft.ie/new-home-for-sale/semi-detached-house-house-type-a-the-grange-the-grange-lurganboy-donegal-town-co-donegal/3205058
212,215000,52.796912,-6.158722,2 Bed,1 Bath,http://www.daft.ie/for-sale/apartment-apartment-8-saint-marys-court-arklow-co-wicklow/3730302
213,480000,51.91479803669321,-8.2614181366977,4 Bed,4 Bath,http://www.daft.ie/new-home-for-sale/detached-house-house-type-a-cluain-cairn-cluain-cairn-station-road-carrigtwohill-co-cork/3187469
214,275000,53.375153,-6.253586,1 Bed,1 Bath,http://www.daft.ie/for-sale/apartment-apartment-5-beaucourt-achill-road-drumcondra-dublin-9/3629451
215,365000,53.3516934,-6.4116092,4 Bed,3 Bath,http://www.daft.ie/for-sale/end-of-terrace-house-21-liffey-way-liffey-valley-park-lucan-co-dublin/3733337
216,250000,51.929016,-8.391301,2 Bed,1 Bath,http://www.daft.ie/for-sale/terraced-house-5-marble-park-riverstown-glanmire-co-cork/3638177
217,235000,51.891518,-8.484463,2 Bed,1 Bath,http://www.daft.ie/for-sale/terraced-house-53a-lough-road-the-lough-co-cork/3643592
218,295000,51.934525,-8.393731,3 Bed,1 Bath,http://www.daft.ie/for-sale/semi-detached-house-5-crestfield-view-glanmire-co-cork/3732985
219,260000,51.908676,-8.47738,3 Bed,1 Bath,http://www.daft.ie/for-sale/semi-detached-house-14-redemption-road-co-cork/3673873
220,175000,53.39283,-6.438528,1 Bed,1 Bath,http://www.daft.ie/for-sale/apartment-49-hayworth-terrace-ongar-village-ongar-dublin-15/3726830
221,390000,53.468739,-6.232282,3 Bed,3 Bath,http://www.daft.ie/for-sale/semi-detached-house-64-sandford-wood-swords-co-dublin/3711193
222,275000,53.276167,-8.96738,3 Bed,2 Bath,http://www.daft.ie/for-sale/apartment-apartment-171-bo-reann-bheag-roscam-co-galway/3731271
223,355000,52.097402,-7.605061,4 Bed,3 Bath,http://www.daft.ie/for-sale/semi-detached-house-48-tournore-park-abbeyside-dungarvan-co-waterford/3731796
224,295000,52.818165,-6.934428,3 Bed,3 Bath,http://www.daft.ie/for-sale/detached-house-125-cluain-bu-quinagh-carlow-town-co-carlow/3671004
225,440000,52.48814714971672,-6.288844298941887,4 Bed,4 Bath,http://www.daft.ie/for-sale/detached-house-killincooley-more-kilmuckridge-co-wexford/3731620
226,189000,53.518675,-7.340091,3 Bed,2 Bath,http://www.daft.ie/for-sale/duplex-22-ushnagh-court-lynn-road-mullingar-co-westmeath/3730176
227,400000,53.363334,-6.261458,5 Bed,5 Bath,http://www.daft.ie/for-sale/terraced-house-30-saint-annes-road-drumcondra-drumcondra-dublin-3/3723953
228,295000,53.349399,-6.267827,2 Bed,1 Bath,http://www.daft.ie/for-sale/apartment-apartment-81-25-wolfe-tone-street-dublin-1/3731075
229,160000,53.050075,-7.322763,2 Bed,2 Bath,http://www.daft.ie/for-sale/apartment-gandon-court-portlaoise-co-laois/3730910
230,325000,52.662232,-8.657879,2 Bed,2 Bath,http://www.daft.ie/for-sale/apartment-apartment-18-barrington-court-north-circular-road-co-limerick/3730862
231,220000,52.657628,-8.607314,3 Bed,1 Bath,http://www.daft.ie/for-sale/semi-detached-house-14-ballysimon-crescent-fairgreen-road-co-limerick/3718998
232,165000,52.661031,-8.632206,2 Bed,2 Bath,http://www.daft.ie/for-sale/apartment-apartment-506-newtown-house-co-limerick/3723358
233,180000,53.7284668,-6.8800407,3 Bed,1 Bath,http://www.daft.ie/for-sale/terraced-house-1-columba-terrace-kells-co-meath/3700950
234,250000,53.286411,-7.50372,4 Bed,3 Bath,http://www.daft.ie/for-sale/semi-detached-house-110-carraig-cluain-tullamore-co-offaly/3685191
235,250000,53.260586,-7.481854,4 Bed,2 Bath,http://www.daft.ie/for-sale/semi-detached-house-11-clonminch-wood-gayfield-tullamore-co-offaly/3722353
236,360000,53.527355,-6.159042,4 Bed,3 Bath,http://www.daft.ie/for-sale/detached-house-11-huntsmans-way-lusk-village-lusk-co-dublin/3725586
237,175000,53.447332,-9.070527,3 Bed,1 Bath,http://www.daft.ie/for-sale/detached-house-rafwee-headford-co-galway/3716986
238,375000,53.39687,-6.179691,3 Bed,1 Bath,http://www.daft.ie/for-sale/semi-detached-house-14-greenwood-close-ayrfield-dublin-13/3660493
239,165000,51.908107,-8.168681,2 Bed,1 Bath,http://www.daft.ie/for-sale/apartment-5-coppinger-lane-castleredmond-court-midleton-co-cork/3728338
240,325000,53.333629,-6.275767,2 Bed,1 Bath,http://www.daft.ie/for-sale/apartment-apartment-54-73-leonards-court-clanbrassil-street-lower-dublin-8/3582896
241,219000,53.278089,-6.419148,2 Bed,2 Bath,http://www.daft.ie/for-sale/apartment-apartment-10-block-a-belfry-hall-citywest-co-dublin/3728907
242,265000,51.894995,-8.465827,2 Bed,2 Bath,http://www.daft.ie/for-sale/apartment-apartment-18-copley-hall-co-cork/3699180
243,315000,52.390733,-6.9346,6 Bed,3 Bath,http://www.daft.ie/for-sale/detached-house-13-dowsleys-barn-new-ross-co-wexford/3714417
244,430000,53.401565,-6.140619,3 Bed,3 Bath,http://www.daft.ie/for-sale/terraced-house-30-red-arches-park-baldoyle-dublin-13/3728604
245,185000,53.270064,-6.369625,1 Bed,1 Bath,http://www.daft.ie/for-sale/apartment-38-marlfield-close-tallaght-tallaght-dublin-24/3718458
246,220000,51.856879,-8.321957,3 Bed,1 Bath,http://www.daft.ie/for-sale/terraced-house-54-chandlers-walk-rushbrooke-links-cobh-co-cork/3495426
247,395000,53.489949,-6.158706,3 Bed,3 Bath,http://www.daft.ie/for-sale/terraced-house-5-beverton-meadows-donabate-co-dublin/3726731
248,169000,53.558453,-7.752092,3 Bed,3 Bath,http://www.daft.ie/for-sale/semi-detached-house-10-creevaghrua-creevagh-beg-ballymahon-co-longford/3727682
249,495000,53.34355,-6.221483,2 Bed,1 Bath,http://www.daft.ie/for-sale/terraced-house-seaflower-cottage-pigeon-house-road-dublin-4/3184365
250,330000,53.62908,-6.539583,3 Bed,3 Bath,http://www.daft.ie/for-sale/detached-house-31-sl-n-duff-view-kentstown-co-meath/3539704
251,475000,52.059446,-9.511653,3 Bed,2 Bath,http://www.daft.ie/for-sale/terraced-house-physique-fitness-studio-3-chapel-lane-killarney-co-kerry/3714430
252,345000,53.3402918271245,-8.47242737341827,4 Bed,2 Bath,http://www.daft.ie/for-sale/detached-house-carrowmore-woodlawn-ballinasloe-co-galway/3727659
253,385000,53.350692,-6.285243,2 Bed,1 Bath,http://www.daft.ie/for-sale/terraced-house-15-viking-road-arbour-hill-stoneybatter-dublin-7/3722185
254,350000,53.359722,-6.275814,2 Bed,1 Bath,http://www.daft.ie/for-sale/terraced-house-28-avondale-avenue-phibsborough-phibsborough-dublin-7/3726866
255,189000,51.689665,-9.082461,3 Bed,2 Bath,http://www.daft.ie/for-sale/detached-house-laois-cottage-lisbealad-east-dunmanway-co-cork/3726850
256,49000,53.928622,-8.325791,3 Bed,1+ bath,http://www.daft.ie/for-sale/detached-house-ballymore-west-boyle-co-roscommon/3697438
257,460000,51.87599,-8.426026,4 Bed,2 Bath,http://www.daft.ie/for-sale/semi-detached-house-glenawilling-31-lime-trees-road-maryborough-estate-douglas-co-cork/3725460
258,280000,53.449768,-6.245951,2 Bed,2 Bath,http://www.daft.ie/for-sale/apartment-99-cedar-square-ridgewood-swords-co-dublin/3710760
259,129950,53.530448,-7.32649,3 Bed,1 Bath,http://www.daft.ie/for-sale/end-of-terrace-house-260-dalton-park-mullingar-co-westmeath/3725095
260,175000,53.469427,-9.104603,4 Bed,1 Bath,http://www.daft.ie/for-sale/semi-detached-house-main-street-headford-co-galway/3572859
261,145000,53.761114,-8.776597,3 Bed,3 Bath,http://www.daft.ie/for-sale/semi-detached-house-37-the-maples-ballyhaunis-co-mayo/3628793
262,295000,53.4746136,-6.238909,2 Bed,2 Bath,http://www.daft.ie/for-sale/terraced-house-35-ashton-court-swords-co-dublin/3722012
263,275000,53.4458202,-6.2479887,2 Bed,2 Bath,http://www.daft.ie/for-sale/apartment-50-gleneagle-house-the-oaks-ridgewood-swords-swords-co-dublin/3706152
264,310000,52.623663,-8.646001,3 Bed,2 Bath,http://www.daft.ie/for-sale/semi-detached-house-5-greenview-close-glencairin-dooradoyle-co-limerick/3724234
265,489500,53.298231,-6.232906,2 Bed,2 Bath,http://www.daft.ie/for-sale/apartment-apartment-36-the-sycamore-trimbleston-goatstown-dublin-14/3620475
266,320000,53.2750685,-8.9643881,3 Bed,3 Bath,http://www.daft.ie/for-sale/semi-detached-house-358-boireann-bheag-roscam-co-galway/3719908
267,245000,52.27252,-7.108783,3 Bed,2 Bath,http://www.daft.ie/for-sale/semi-detached-house-27-brockton-avenue-hollybrook-ferrybank-co-waterford/3723374
268,395000,51.919613,-8.322536,2 Bed,2 Bath,http://www.daft.ie/for-sale/bungalow-carrigrenan-sunville-glounthaune-co-cork/3722934
269,485000,53.178071,-6.782652,5 Bed,3 Bath,http://www.daft.ie/for-sale/detached-house-68-wellesley-manor-newbridge-co-kildare/3522430
270,249950,53.523805,-7.344364,3 Bed,1 Bath,http://www.daft.ie/for-sale/semi-detached-house-the-green-lakepoint-mullingar-co-westmeath/3673149
271,190000,51.889126,-8.487048,2 Bed,1 Bath,http://www.daft.ie/for-sale/semi-detached-house-20-lough-view-terrace-glasheen-road-the-lough-co-cork/3693562
272,230000,53.404288,-6.407832,1 Bed,1 Bath,http://www.daft.ie/for-sale/apartment-39-whatley-hall-clonee-dublin-15/3722415
273,190000,53.156531,-7.179617,3 Bed,2 Bath,http://www.daft.ie/for-sale/terraced-house-40-kilnacourt-woods-portarlington-co-laois/3629721
274,179000,53.152831,-7.179055,3 Bed,1 Bath,http://www.daft.ie/for-sale/terraced-house-69-saint-brigids-square-portarlington-co-laois/3648557
275,395000,52.016091,-8.672042,4 Bed,4 Bath,http://www.daft.ie/for-sale/detached-house-crystal-heights-rich-hill-donoughmore-co-cork/3714240
276,480000,53.363749,-6.19584,2 Bed,1 Bath,http://www.daft.ie/for-sale/end-of-terrace-house-8-vernon-court-clontarf-dublin-3/3622031
277,185000,52.337089,-6.466507,3 Bed,2 Bath,http://www.daft.ie/for-sale/apartment-apartment-29-hollyville-heights-wexford-town-co-wexford/3710730
278,365000,53.328334,-6.329455,3 Bed,3 Bath,http://www.daft.ie/for-sale/terraced-house-150-mangerton-road-drimnagh-drimnagh-dublin-12/3715403
279,270000,53.451378,-6.199947,2 Bed,1 Bath,http://www.daft.ie/for-sale/apartment-45-the-water-rill-waterside-malahide-co-dublin/3689889
280,349000,51.89225,-8.468036,4 Bed,3 Bath,http://www.daft.ie/for-sale/end-of-terrace-house-25-summerhill-south-co-cork/3718636
281,350000,53.337464,-6.286219,2 Bed,2 Bath,http://www.daft.ie/for-sale/apartment-apartment-6-block-a-the-barley-house-dublin-8/3586471
282,230000,53.85712,-9.320323,3 Bed,2 Bath,http://www.daft.ie/for-sale/semi-detached-house-49-dunbeag-newport-road-castlebar-co-mayo/3560046
283,199500,53.841466,-9.323336,3 Bed,3 Bath,http://www.daft.ie/for-sale/semi-detached-house-40-meadow-park-castlebar-co-mayo/3658531
284,310000,51.961208949379824,-8.340334393100363,3 Bed,2 Bath,http://www.daft.ie/new-home-for-sale/terraced-house-house-type-a-radharc-na-tuaithe-radharc-na-tuaithe-knockraha-glanmire-co-cork/3717227
285,255000,52.678277,-8.663233,3 Bed,3 Bath,http://www.daft.ie/for-sale/semi-detached-house-103-shannonvale-old-cratloe-road-caherdavin-co-limerick/3708070
286,365000,52.628028,-8.670462,4 Bed,3 Bath,http://www.daft.ie/for-sale/semi-detached-house-134-the-grange-raheen-co-limerick/3715378
287,225000,52.235932,-7.110872,3 Bed,3 Bath,http://www.daft.ie/for-sale/semi-detached-house-8-the-grove-fairfield-park-co-waterford/3716998
288,265000,51.871966,-8.345707,3 Bed,2 Bath,http://www.daft.ie/for-sale/apartment-24a-pembroke-grove-pembroke-wood-passage-west-co-cork/3641866
289,350000,53.365242,-6.226859,2 Bed,1 Bath,http://www.daft.ie/for-sale/apartment-apt-32-crescent-house-howth-road-clontarf-dublin-3/3575035
290,399000,53.34839,-6.433221,3 Bed,3 Bath,http://www.daft.ie/for-sale/detached-house-1-esker-meadow-grove-lucan-co-dublin/3697213
291,195000,52.259462,-7.096311,3 Bed,3 Bath,http://www.daft.ie/for-sale/semi-detached-house-9-estuary-wood-ferrybank-ferrybank/3716185
292,210000,53.611286,-6.182765,2 Bed,1 Bath,http://www.daft.ie/for-sale/apartment-apartment-10-papworth-hall-balbriggan-co-dublin/1413198
293,148000,52.799368,-7.830514,4 Bed,1 Bath,http://www.daft.ie/for-sale/detached-house-29-church-street-templemore-co-tipperary/3565485
294,310000,52.996594543851586,-6.962477495085608,3 Bed,3 Bath,http://www.daft.ie/new-home-for-sale/semi-detached-house-house-type-2-gallow-hill-gallow-hill-kildare-road-athy-co-kildare/2829539
295,310000,52.996594543851586,-6.962477495085608,3 Bed,3 Bath,http://www.daft.ie/new-home-for-sale/semi-detached-house-house-type-1-gallow-hill-gallow-hill-kildare-road-athy-co-kildare/2829537
296,480000,51.827046,-8.231416,6 Bed,4 Bath,http://www.daft.ie/for-sale/terraced-house-the-long-point-main-street-whitegate-co-cork/3712566
297,245000,52.241908,-7.093829,3 Bed,4 Bath,http://www.daft.ie/for-sale/semi-detached-house-1-hunters-way-castlegrange-co-waterford/3714866
298,315000,51.910328,-8.441303,3 Bed,2 Bath,http://www.daft.ie/for-sale/semi-detached-house-1-murmont-close-montenotte-montenotte-co-cork/3711487
299,420000,51.864751,-8.415435,4 Bed,3 Bath,http://www.daft.ie/for-sale/semi-detached-house-7-edgewood-maryborough-ridge-douglas-co-cork/3712773
300,275000,53.7222136,-6.885674,4 Bed,3 Bath,http://www.daft.ie/for-sale/semi-detached-house-32-balrath-wood-kells-co-meath/3714168
301,375000,53.347819,-6.279393,2 Bed,2 Bath,http://www.daft.ie/for-sale/apartment-apt-35-block-b-smithfield-market-smithfield-dublin-7/3714275
302,285000,52.618684,-9.616882,3 Bed,1 Bath,http://www.daft.ie/for-sale/detached-house-querrin-west-kilkee-co-clare/3636804
303,425000,53.290036,-6.238287,2 Bed,2 Bath,http://www.daft.ie/for-sale/apartment-33-altamont-hall-stoney-road-dundrum-dublin-14/3710840
304,225000,53.3817301,-6.2464844,1+ bed,1+ bath,http://www.daft.ie/for-sale/site--site-with-full-p-p-190a-iveragh-road-whitehall-dublin-9/3714242
305,415000,53.321901,-6.271246,2 Bed,2 Bath,http://www.daft.ie/for-sale/apartment-15-wynnefield-house-charleville-road-rathmines-dublin-6/3655774
306,250000,52.91985,-7.341197,3 Bed,3 Bath,http://www.daft.ie/for-sale/end-of-terrace-house-1-crescent-court-ballyroan-road-abbeyleix-co-laois/3713773
307,165000,53.732343,-6.330126,2 Bed,2 Bath,http://www.daft.ie/for-sale/apartment-6-brent-way-aston-green-drogheda-co-louth/3659807
308,495000,53.381729,-6.246489,3 Bed,1 Bath,http://www.daft.ie/for-sale/semi-detached-house-190-iveragh-road-whitehall-whitehall-dublin-9/3713965
309,275000,53.394365,-6.197319,3 Bed,2 Bath,http://www.daft.ie/for-sale/apartment-apartment-50-block-b-castle-elms-court-castle-elms-coolock-dublin-17/3515957
310,150000,53.392669,-7.581637,4 Bed,1 Bath,http://www.daft.ie/for-sale/detached-house-main-street-horseleap-co-offaly/3713933
311,325000,51.9121113,-8.7933017,3 Bed,2 Bath,http://www.daft.ie/new-home-for-sale/semi-detached-house-three-bed-semi-detached-vicars-glebe-three-bed-semi-detached-vicars-glebe-coachford-co-cork/3713136
312,360000,51.9121113,-8.7933017,4 Bed,2 Bath,http://www.daft.ie/new-home-for-sale/semi-detached-house-four-bedroom-semi-detached-vicars-glebe-vicars-glebe-vicars-glebe-coachford-co-cork/2598034
313,495000,53.327889,-6.210895,2 Bed,1 Bath,http://www.daft.ie/for-sale/bungalow-16-gilford-terrace-sandymount-dublin-4/2480009
314,350000,53.310452,-6.33362,3 Bed,1 Bath,http://www.daft.ie/for-sale/terraced-house-27-saint-malachy-drive-greenhills-walkinstown-dublin-12/3713246
315,485000,53.316426,-6.322418,4 Bed,1 Bath,http://www.daft.ie/for-sale/semi-detached-house-1-cherry-grove-walkinstown-walkinstown-dublin-12/3713080
316,425000,53.28435,-9.047488,3 Bed,3 Bath,http://www.daft.ie/for-sale/apartment-185-gort-na-coiribe-headford-road-co-galway/3689294
317,250000,53.34268,-6.275479,1 Bed,1 Bath,http://www.daft.ie/for-sale/apartment-98-tandy-bertram-court-christchurch-dublin-8/3693799
318,495000,53.451617,-6.183465,3 Bed,2 Bath,http://www.daft.ie/for-sale/semi-detached-house-3-estuary-walk-malahide-co-dublin/3712653
319,445000,52.672478,-7.233844,4 Bed,3 Bath,http://www.daft.ie/for-sale/semi-detached-house-56-hawthorn-drive-rath-llord-kilkenny-co-kilkenny/3712565
320,337500,53.633203,-6.687886,3 Bed,1 Bath,http://www.daft.ie/for-sale/bungalow-trim-road-navan-co-meath/3671079
321,425000,53.38814,-6.277717,3 Bed,1 Bath,http://www.daft.ie/for-sale/semi-detached-house-63-hillcrest-park-glasnevin-dublin-11/3645209
322,280000,53.388492,-6.391202,3 Bed,2 Bath,http://www.daft.ie/for-sale/apartment-apartment-62-westend-village-blanchardstown-dublin-15/3678949
323,260000,52.8476632071715,-8.5945160390165,4 Bed,1 Bath,http://www.daft.ie/for-sale/detached-house-iragh-ocallaghans-mills-v94hw7x-ocallaghans-mills-co-clare/3711639
324,225000,52.627651,-7.069208,4 Bed,2 Bath,http://www.daft.ie/for-sale/semi-detached-house-39-brad-g-way-gowran-co-kilkenny/3578004
325,320000,52.670424,-8.637878,4 Bed,3 Bath,http://www.daft.ie/for-sale/semi-detached-house-6-stenson-close-farranshone-co-limerick/3711351
326,100000,52.39089164247187,-6.562076012580604,1+ bed,1+ bath,http://www.daft.ie/for-sale/site-redinagh-killurin-co-wexford/3185201
327,395000,52.338178,-6.468441,3 Bed,3 Bath,http://www.daft.ie/for-sale/detached-house-cuasn-g-saint-johns-road-wexford-town-co-wexford/3607366
328,330000,53.393146,-6.370666,3 Bed,2 Bath,http://www.daft.ie/for-sale/duplex-74-bantry-square-blanchardstown-dublin-15/3710819
329,275000,53.116361,-7.319128,5 Bed,2 Bath,http://www.daft.ie/for-sale/semi-detached-house-lord-edward-street-mountmellick-co-laois/3657472
330,190000,52.687239,-8.612497,3 Bed,1 Bath,http://www.daft.ie/for-sale/end-of-terrace-house-9-hampstead-park-shannon-banks-shannonbanks/3676550
331,310000,53.351619,-6.267235,2 Bed,1 Bath,http://www.daft.ie/for-sale/apartment-apartment-30-college-court-dublin-1/3702003
332,240000,52.808333,-6.140398,3 Bed,2 Bath,http://www.daft.ie/for-sale/semi-detached-house-12-cluain-ard-sea-road-arklow-co-wicklow/3425109
333,475000,51.679426,-9.430578,4 Bed,3 Bath,http://www.daft.ie/for-sale/detached-house-ardnageehy-more-bantry-co-cork/3656332
334,250000,52.658201,-7.255184,3 Bed,1 Bath,http://www.daft.ie/for-sale/terraced-house-23-green-street-kilkenny-co-kilkenny/3709291
335,350000,51.921816,-8.385969,4 Bed,3 Bath,http://www.daft.ie/for-sale/semi-detached-house-142-fernwood-glyntown-glanmire-co-cork/3702192
336,100000,52.71543181451319,-9.319440498948097,2 Bed,1 Bath,http://www.daft.ie/for-sale/terraced-house-kilrush-rd-kilmihil-kilmihil-co-clare/3708577
337,300000,53.3011017,-6.315609,1+ bed,1+ bath,http://www.daft.ie/for-sale/site-site-at-2-the-avenue-cypress-downs-templeogue-dublin-16/3681154
338,350000,53.41974,-6.15382,2 Bed,2 Bath,http://www.daft.ie/for-sale/apartment-apartment-38-the-fairways-portmarnock-co-dublin/3694696
339,260000,53.443221,-6.214264,2 Bed,2 Bath,http://www.daft.ie/for-sale/duplex-54-holywell-rise-swords-co-dublin/3707508
340,165000,51.725247,-9.104631,3 Bed,1 Bath,http://www.daft.ie/for-sale/detached-house-church-view-chapel-street-dunmanway-co-cork/3613721
341,285000,51.709589,-9.120901,4 Bed,3 Bath,http://www.daft.ie/for-sale/detached-house-maugh-dunmanway-co-cork/2933334
342,230000,54.1175,-7.808174,4 Bed,2 Bath,http://www.daft.ie/for-sale/detached-house-lannanaria-corlough-co-cavan/3705755
343,140000,52.480693,-7.204223,3 Bed,1 Bath,http://www.daft.ie/for-sale/detached-house-monarue-knocktopher-co-kilkenny/3706558
344,450000,51.825255,-8.386721,4 Bed,3 Bath,http://www.daft.ie/for-sale/detached-house-1-meadowbrook-herons-wood-carrigaline-co-cork/3698967
345,245000,52.652023,-7.263713,3 Bed,1 Bath,http://www.daft.ie/for-sale/semi-detached-house-2-fatima-place-kilkenny-co-kilkenny/3697238
346,390000,54.0475884,-6.4970115,7 Bed,5 Bath,http://www.daft.ie/for-sale/detached-house-edenkell-hackballscross-dundalk-co-louth/3705804
347,420000,53.357454,-6.273304,3 Bed,2 Bath,http://www.daft.ie/for-sale/terraced-house-28-kings-inn-court-phibsborough-dublin-7/3696501
348,220000,52.093398,-7.605241,3 Bed,2 Bath,http://www.daft.ie/for-sale/semi-detached-house-31-kyne-park-abbeyside-dungarvan-co-waterford/3705456
349,199000,52.356992,-7.687921,3 Bed,2 Bath,http://www.daft.ie/for-sale/semi-detached-house-30-sliabh-na-mb-n-mews-davis-road-clonmel-co-tipperary/3702421
350,180000,53.997546,-6.397487,3 Bed,1 Bath,http://www.daft.ie/for-sale/semi-detached-house-18-afton-drive-dundalk-co-louth/3654312
351,345000,53.356407,-6.245973,3 Bed,1 Bath,http://www.daft.ie/for-sale/terraced-house-8-william-street-north-dublin-1/3642285
352,450000,53.349669,-6.243556,2 Bed,2 Bath,http://www.daft.ie/for-sale/apartment-21-burton-house-custom-house-square-ifsc-dublin-1/3616397
353,225000,52.639467,-7.252699,3 Bed,3 Bath,http://www.daft.ie/for-sale/apartment-10-hollybank-crescent-clongowen-kilkenny-co-kilkenny/2933339
354,485000,52.691285,-7.280706,4 Bed,2 Bath,http://www.daft.ie/for-sale/detached-house-troyswood-kilkenny-co-kilkenny/3594546
355,210000,52.64774,-7.261001,3 Bed,2 Bath,http://www.daft.ie/for-sale/duplex-8-saint-riochs-court-saint-riochs-street-kilkenny-co-kilkenny/3675847
356,395000,53.410255,-8.912498,4 Bed,3 Bath,http://www.daft.ie/for-sale/detached-house-currandrum-claregalway-co-galway/3578625
357,395000,53.38079,-8.890087,4 Bed,3 Bath,http://www.daft.ie/for-sale/detached-house-knockdoe-claregalway-co-galway/3606822
358,265000,53.341192,-6.304667,2 Bed,1 Bath,http://www.daft.ie/for-sale/terraced-house-11-kearns-place-kilmainham-dublin-8/3526091
359,315000,52.60067,-7.326116,3 Bed,2 Bath,http://www.daft.ie/for-sale/detached-house-grove-cuffesgrange-co-kilkenny/3685328
360,170000,51.897885,-8.166167,2 Bed,1 Bath,http://www.daft.ie/for-sale/terraced-house-3-saint-james-terrace-church-road-midleton-co-cork/3600866
361,275000,53.451867,-6.198659,1 Bed,1 Bath,http://www.daft.ie/for-sale/apartment-19-waterside-grove-swords-road-malahide-co-dublin/3628932
362,285000,53.041091654325214,-8.0885935219776,5 Bed,4 Bath,http://www.daft.ie/for-sale/detached-house-aglish-roscrea-aglish-co-tipperary/3687101
363,450000,53.336224,-6.313774,3 Bed,1 Bath,http://www.daft.ie/for-sale/end-of-terrace-house-5-saint-helens-terrace-inchicore-dublin-8/3598803
364,275000,51.912293,-8.249258,3 Bed,3 Bath,http://www.daft.ie/for-sale/semi-detached-house-12-alder-grove-fota-rock-carrigtwohill-co-cork/3653641
365,295000,53.364012,-6.177297,1+ bed,1+ bath,http://www.daft.ie/for-sale/site-mews-lane-site-rear-of-387-clontarf-road-clontarf-dublin-3/2574098
366,265000,54.452746325344066,-8.284207731485367,2 Bed,2 Bath,http://www.daft.ie/for-sale/bungalow-edenville-f91x3r8-kinlough-co-leitrim/3697714
367,295000,53.397065,-6.201246,2 Bed,2 Bath,http://www.daft.ie/for-sale/terraced-house-10a-greencastle-drive-coolock-coolock-dublin-5/3682481
368,275000,51.865956,-8.33129,2 Bed,1 Bath,http://www.daft.ie/for-sale/apartment-apartment-15-granary-wharf-glenbrook-co-cork/3581934
369,360000,52.250243,-7.094365,3 Bed,2 Bath,http://www.daft.ie/for-sale/semi-detached-house-8-newtown-woods-newtown-road-co-waterford/3598013
370,330000,53.357168,-6.287719,2 Bed,1 Bath,http://www.daft.ie/for-sale/duplex-54-rathdown-square-north-circular-road-dublin-7/3696394
371,395000,51.8826,-8.523349,3 Bed,1 Bath,http://www.daft.ie/for-sale/semi-detached-house-6-central-avenue-bishopstown-bishopstown-co-cork/3697284
372,440000,53.298780066426616,-6.573676143088477,3 Bed,3 Bath,http://www.daft.ie/new-home-for-sale/semi-detached-house-3-bed-semi-detached-williams-grove-williams-grove-ardclough-straffan-co-kildare/2921373
373,335000,53.10515881545152,-7.013870442188733,2 Bed,2 Bath,http://www.daft.ie/new-home-for-sale/bungalow-the-birch-harristown-drive-kildangan-co-kildar-harristown-drive-harristown-drive-kildangan-village-kildangan-co-kildare/3689233
374,360000,53.10515881545152,-7.013870442188733,3 Bed,2 Bath,http://www.daft.ie/new-home-for-sale/semi-detached-house-the-chestnut-harristown-drive-harristown-drive-kildangan-village-kildangan-co-kildare/3254551
375,360000,53.10515881545152,-7.013870442188733,3 Bed,2 Bath,http://www.daft.ie/new-home-for-sale/bungalow-the-alder-harristown-drive-kildangan-co-kildar-harristown-drive-harristown-drive-kildangan-village-kildangan-co-kildare/3689234
376,390000,52.97198065235628,-6.050594903345285,4 Bed,3 Bath,http://www.daft.ie/new-home-for-sale/semi-detached-house-house-type-d-sessile-oaks-sessile-oaks-wicklow-town-co-wicklow/3689924
377,370000,53.03671596526166,-7.270041369549489,4 Bed,3 Bath,http://www.daft.ie/new-home-for-sale/semi-detached-house-the-kensington-foxburrow-foxburrow-stradbally-road-portlaoise-portlaoise-co-laois/2844122
378,395000,53.51984230644867,-7.310122588856075,4 Bed,2 Bath,http://www.daft.ie/new-home-for-sale/semi-detached-house-type-6b-ardmore-hills-ardmore-hills-ardmore-hills-mullingar-co-westmeath/1500900
379,340000,52.64459056124025,-8.584463555371997,4 Bed,3 Bath,http://www.daft.ie/new-home-for-sale/semi-detached-house-4-bed-semi-detached-ros-m-r-ros-m-r-ballyneety-road-co-limerick/3652219
380,280000,52.22846323363689,-7.235633582306178,3 Bed,3 Bath,http://www.daft.ie/new-home-for-sale/semi-detached-house-house-type-c-3-bedroom-semi-cloch-n-cloch-n-kilmeadan-co-waterford/3643172
381,345000,52.22846323363689,-7.235633582306178,4 Bed,3 Bath,http://www.daft.ie/new-home-for-sale/semi-detached-house-house-type-b-cloch-n-cloch-n-kilmeadan-co-waterford/3643170
382,390000,52.22846323363689,-7.235633582306178,4 Bed,3 Bath,http://www.daft.ie/new-home-for-sale/detached-house-house-type-a-4-bedroom-detached-no-sunroom-cloch-n-cloch-n-kilmeadan-co-waterford/3643171
383,420000,52.22846323363689,-7.235633582306178,4 Bed,3 Bath,http://www.daft.ie/new-home-for-sale/detached-house-house-type-a-cloch-n-cloch-n-kilmeadan-co-waterford/3643168
384,240000,51.94002018848553,-7.9995719091962485,2 Bed,2 Bath,http://www.daft.ie/new-home-for-sale/terraced-house-type-b-dromdiah-park-dromdiah-park-killeagh-co-cork/3507932
385,250000,51.94002018848553,-7.9995719091962485,2 Bed,2 Bath,http://www.daft.ie/new-home-for-sale/end-of-terrace-house-type-b1-dromdiah-park-dromdiah-park-killeagh-co-cork/3507934
386,280000,51.94002018848553,-7.9995719091962485,3 Bed,3 Bath,http://www.daft.ie/new-home-for-sale/townhouse-type-a-dromdiah-park-dromdiah-park-killeagh-co-cork/3506530
387,290000,51.94002018848553,-7.9995719091962485,3 Bed,3 Bath,http://www.daft.ie/new-home-for-sale/end-of-terrace-house-type-a1-dromdiah-park-dromdiah-park-killeagh-co-cork/3506532
388,295000,51.94002018848553,-7.9995719091962485,3 Bed,3 Bath,http://www.daft.ie/new-home-for-sale/semi-detached-house-type-c-dromdiah-park-dromdiah-park-killeagh-co-cork/3507933
389,350000,51.94002018848553,-7.9995719091962485,4 Bed,3 Bath,http://www.daft.ie/new-home-for-sale/semi-detached-house-type-b4-dromdiah-park-dromdiah-park-killeagh-co-cork/3606906
390,265000,53.73537529218743,-6.884168678808862,2 Bed,3 Bath,http://www.daft.ie/new-home-for-sale/end-of-terrace-house-the-ash-wilmount-view-wilmount-view-moynalty-road-kells-kells-co-meath/3613369
391,320000,53.73537529218743,-6.884168678808862,3 Bed,3 Bath,http://www.daft.ie/new-home-for-sale/terraced-house-the-birch-wilmount-view-wilmount-view-moynalty-road-kells-kells-co-meath/3702065
392,280000,53.00821738601758,-6.815975010141557,3 Bed,3 Bath,http://www.daft.ie/new-home-for-sale/semi-detached-house-3-bed-semi-detached-strettel-avenue-strettel-avenue-ballitore-ballitore-co-kildare/3595320
393,429000,52.67189077477643,-7.234891523568308,4 Bed,2 Bath,http://www.daft.ie/new-home-for-sale/semi-detached-house-house-type-e-rath-ullord-rath-ullord-new-orchard-kilkenny-co-kilkenny/1151463
394,469000,52.67189077477643,-7.234891523568308,4 Bed,2 Bath,http://www.daft.ie/new-home-for-sale/detached-house-house-type-d-rath-ullord-rath-ullord-new-orchard-kilkenny-co-kilkenny/1146062
395,469000,52.67189077477643,-7.234891523568308,4 Bed,3 Bath,http://www.daft.ie/new-home-for-sale/detached-house-house-type-h-rath-ullord-rath-ullord-new-orchard-kilkenny-co-kilkenny/2753310
396,245000,53.535563,-6.964063,4 Bed,2 Bath,http://www.daft.ie/for-sale/semi-detached-house-4-amber-wood-ballivor-co-meath/3736218
397,170000,52.247348,-6.334386,3 Bed,2 Bath,http://www.daft.ie/for-sale/detached-house-19-barryville-court-rosslare-harbour-co-wexford/3737022
398,279000,51.877293,-8.448408,3 Bed,1 Bath,http://www.daft.ie/for-sale/terraced-house-navillus-37-glencurrig-co-cork/3737016
399,195000,52.388687,-9.285967,4 Bed,2 Bath,http://www.daft.ie/for-sale/semi-detached-house-1-mountmahon-abbeyfeale-co-limerick/3737007
400,285000,53.707073,-6.305469,3 Bed,3 Bath,http://www.daft.ie/for-sale/end-of-terrace-house-23-park-wood-grangerath-drogheda-co-meath/3737004
401,245000,53.140868,-8.527877,4 Bed,1 Bath,http://www.daft.ie/for-sale/detached-house-airyhill-kylebrack-east-loughrea-co-galway/3736992
402,210000,53.220412,-7.006566,2 Bed,2 Bath,http://www.daft.ie/for-sale/townhouse-39-preston-brook-rathangan-co-kildare/3736420
403,265000,53.521052,-6.0826447,2 Bed,1 Bath,http://www.daft.ie/for-sale/terraced-house-9-finistere-lower-street-rush-co-dublin/3736961
404,279000,51.877293,-8.448408,3 Bed,1 Bath,http://www.daft.ie/for-sale/terraced-house-navillus-37-glencurrig-douglas-co-cork/3736970
405,420000,53.52886,-6.100706,4 Bed,3 Bath,http://www.daft.ie/for-sale/semi-detached-house-31-woodland-park-rush-co-dublin/3736967
406,185000,52.538508,-7.390577,2 Bed,3 Bath,http://www.daft.ie/for-sale/terraced-house-6-roselawn-bolton-woods-callan-co-kilkenny/3736922
407,395000,53.630545,-6.269276,4 Bed,3 Bath,http://www.daft.ie/for-sale/semi-detached-house-16-gracemeadow-avenue-stamullen-co-meath/3736911
408,290000,53.726074,-7.50463,4 Bed,2 Bath,http://www.daft.ie/for-sale/detached-house-the-keep-coolamber-lisryan-co-longford/3736910
409,265000,52.709191,-8.882951,3 Bed,3 Bath,http://www.daft.ie/for-sale/semi-detached-house-16-pinewood-shannon-co-clare/3736903
410,245000,51.909712,-8.262973,3 Bed,3 Bath,http://www.daft.ie/for-sale/end-of-terrace-house-5-tara-court-carrigtwohill-co-cork/3736887
411,150000,54.05623,-6.404584,1+ bed,1+ bath,http://www.daft.ie/for-sale/site-monascriebe-faughart-dundalk-co-louth/3736877
412,275000,52.226944,-8.67335,5 Bed,3 Bath,http://www.daft.ie/for-sale/detached-house-castlelands-buttevant-co-cork/2612049
413,195000,52.168806,-7.521327,3 Bed,1 Bath,http://www.daft.ie/for-sale/semi-detached-house-5-saint-bridgets-terrace-lemybrien-co-waterford/3736856
414,185000,52.467035,-7.471537,2 Bed,1 Bath,http://www.daft.ie/for-sale/detached-house-ballyogue-ninemilehouse-carrick-on-suir-co-tipperary/3736825
415,160000,52.538249,-7.395365,2 Bed,1 Bath,http://www.daft.ie/for-sale/detached-house-cannafahy-callan-co-kilkenny/3736824
416,229500,52.667532,-7.230876,2 Bed,3 Bath,http://www.daft.ie/for-sale/end-of-terrace-house-62-ashfield-east-old-golf-links-road-kilkenny-co-kilkenny/3736823
417,395000,53.304879,-6.372427,4 Bed,2 Bath,http://www.daft.ie/for-sale/semi-detached-house-18-the-garth-kingswood-heights-d24-d24xk6w-kingswood-dublin-22/3736819
418,375000,53.294589,-6.370535,3 Bed,1 Bath,http://www.daft.ie/for-sale/bungalow-4-colberts-fort-belgard-road-tallaght-dublin-24/3736816
419,400000,52.099655,-8.813579,5 Bed,3 Bath,http://www.daft.ie/for-sale/detached-house-creggane-lombardstown-mallow-co-cork/3736815
420,425000,53.389274,-6.436858,3 Bed,4 Bath,http://www.daft.ie/for-sale/semi-detached-house-24-park-view-hansfield-wood-clonsilla-dublin-15/3736806
421,235000,52.519363,-7.870504,3 Bed,2 Bath,http://www.daft.ie/for-sale/semi-detached-house-2-carraig-downes-dualla-road-cashel-co-tipperary/3736807
422,395000,53.256308,-6.149697,2 Bed,2 Bath,http://www.daft.ie/for-sale/apartment-13-mercer-house-brennanstown-square-cabinteely-dublin-18/3736813
423,450000,53.38644,-6.390253,3 Bed,2 Bath,http://www.daft.ie/for-sale/semi-detached-house-32-broadway-road-blanchardstown-dublin-15/3736804
424,425000,53.390395,-6.593674,4 Bed,4 Bath,http://www.daft.ie/for-sale/semi-detached-house-3-the-lawn-moyglare-hall-maynooth-co-kildare/3736795
425,115000,52.660357,-8.635695,2 Bed,1 Bath,http://www.daft.ie/for-sale/semi-detached-house-10-jutland-hall-steamboat-quay-co-limerick/3736782
426,375000,52.467553,-8.178827,5 Bed,3 Bath,http://www.daft.ie/for-sale/detached-house--arbutus-ballynilard-galbally-road-tipperary-town-co-tipperary/3736780
427,269000,53.402325,-6.669747,2 Bed,2 Bath,http://www.daft.ie/for-sale/townhouse-aston-church-street-kilcock-co-kildare/3736749
428,155000,53.427053,-7.914038,3 Bed,1 Bath,http://www.daft.ie/for-sale/apartment-19-brawny-road-athlone-co-westmeath/3736737
429,279000,53.396474,-6.664798,2 Bed,2 Bath,http://www.daft.ie/for-sale/end-of-terrace-house-32-rochford-drive-kilcock-co-kildare/3736733
430,195000,53.401367,-7.720618,3 Bed,2 Bath,http://www.daft.ie/for-sale/semi-detached-house-107-sliabh-rua-moate-co-westmeath/3736271
431,270000,52.247426,-7.107209,4 Bed,1 Bath,http://www.daft.ie/for-sale/semi-detached-house-52-the-folly-co-waterford/3736705
432,45000,54.26055423125629,-10.059040976349252,1+ bed,1+ bath,http://www.daft.ie/for-sale/site-gladree-belmullet-co-mayo/3736688
433,40000,53.37765143955423,-7.1073472870471335,1+ bed,1+ bath,http://www.daft.ie/for-sale/site-clonmore-edenderry-co-offaly/2949210
434,269000,51.92552,-8.596247,3 Bed,1 Bath,http://www.daft.ie/for-sale/semi-detached-house-21-the-green-gleann-na-ri-blarney-co-cork/3736626
435,160000,52.653935,-8.629061,4 Bed,2 Bath,http://www.daft.ie/for-sale/apartment-apartment-112-block-6-city-campus-co-limerick/3736624
436,199000,52.884159,-8.344241,2 Bed,1 Bath,http://www.daft.ie/for-sale/detached-house-woodland-cottage-portroe-garrykennedy-co-tipperary/3736612
437,100000,53.986132516558,-6.7190597628433,1+ bed,1+ bath,http://www.daft.ie/for-sale/detached-house-castleblayney-road-carrickmacross-co-monaghan/3736584
438,220000,53.9721581,-6.7095528,4 Bed,2 Bath,http://www.daft.ie/for-sale/detached-house-ard-aluinn-drummond-otra-carrickmacross-co-monaghan/3736585
439,179950,54.290957,-7.874345,4 Bed,3 Bath,http://www.daft.ie/for-sale/detached-house-2-ashlawn-blacklion-co-cavan/3736593
440,225000,53.998447,-6.396408,4 Bed,1 Bath,http://www.daft.ie/for-sale/semi-detached-house-172-oaklawns-dundalk-co-louth/3736588
441,159950,52.837619,-6.920891,2 Bed,1 Bath,http://www.daft.ie/for-sale/semi-detached-house-15-mc-gamhna-road-carlow-carlow-town-co-carlow/3736575
442,375000,53.129411,-6.063558,2 Bed,2 Bath,http://www.daft.ie/for-sale/terraced-house-182-charlesland-wood-greystones-co-wicklow/3736562
443,225000,52.140656,-10.267475,5 Bed,3 Bath,http://www.daft.ie/for-sale/terraced-house-2-the-mall-dingle-co-kerry/3736556
444,425000,53.264504,-6.150432,2 Bed,2 Bath,http://www.daft.ie/for-sale/apartment-4-marlfield-house-st-gabriels-cabinteely-dublin-18-cabinteely-dublin-18/3736496
445,450000,52.242122,-6.349805,5 Bed,6 Bath,http://www.daft.ie/for-sale/detached-house-abrae-house-kilrane-rosslare-harbour-co-wexford/3736549
446,245000,51.911768,-8.979627,3 Bed,3 Bath,http://www.daft.ie/for-sale/semi-detached-house-45-ros-alainn-gurteenroe-macroom-co-cork/3736546
447,450000,53.275541,-6.094164,1 Bed,1 Bath,http://www.daft.ie/for-sale/apartment-apartment-g-coliemore-apartments-dalkey-co-dublin/3736541
448,399950,53.385587,-6.142644,2 Bed,1 Bath,http://www.daft.ie/for-sale/apartment-apartment-21-mariners-court-sutton-dublin-13/3736535
449,375000,53.8650167,-6.4048051,4 Bed,1 Bath,http://www.daft.ie/for-sale/detached-house-the-birches-bog-road-mullins-cross-dunleer-co-louth/3736509
450,249000,51.895256,-8.4345,4 Bed,1 Bath,http://www.daft.ie/for-sale/terraced-house-3-blackrock-road-ballintemple-co-cork/3736510
451,315000,53.196013,-6.131557,2 Bed,2 Bath,http://www.daft.ie/for-sale/apartment-31-la-vallee-upper-dargle-road-bray-co-wicklow/3736499
452,350000,53.396417,-6.440024,4 Bed,3 Bath,http://www.daft.ie/for-sale/end-of-terrace-house-13-north-street-ongar-dublin-15/3736498
453,230000,53.363598,-6.242382,1 Bed,1 Bath,http://www.daft.ie/for-sale/apartment-22-fairview-close-richmond-avenue-fairview-dublin-3/3736483
454,375000,53.209958,-8.825613,4 Bed,3 Bath,http://www.daft.ie/for-sale/detached-house-rinn-kilcolgan-co-galway/3736439
455,120000,54.968697647297546,-7.754502390831533,1+ bed,1+ bath,http://www.daft.ie/for-sale/site-killylastin-letterkenny-co-donegal/3736475
456,325000,53.403468,-6.157552,2 Bed,2 Bath,http://www.daft.ie/for-sale/detached-house-3-friars-lane-clongriffin-clongriffin-dublin-13/3736456
457,495000,53.38094,-6.232193,3 Bed,1 Bath,http://www.daft.ie/for-sale/semi-detached-house-46-collinswood-collins-avenue-whitehall-dublin-9/3736450
458,220000,53.040287,-7.280499,4 Bed,3 Bath,http://www.daft.ie/for-sale/semi-detached-house-18-broomville-close-portlaoise-co-laois/3736447
459,189500,53.731946,-7.908004,4 Bed,4 Bath,http://www.daft.ie/for-sale/townhouse-27-the-mill-clondra-co-longford/3736445
460,250000,53.161022,-8.990685,4 Bed,1 Bath,http://www.daft.ie/for-sale/detached-house-tawnagh-west-kinvara-co-galway/3736441
461,275000,51.801385,-8.292947,3 Bed,3 Bath,http://www.daft.ie/for-sale/terraced-house-15-the-orchard-crosshaven-co-cork/3736428
462,350000,54.962586,-7.755238,3 Bed,3 Bath,http://www.daft.ie/for-sale/detached-house-glencar-scotch-letterkenny-co-donegal/3736413
463,345000,53.222615,-6.665316,3 Bed,3 Bath,http://www.daft.ie/for-sale/terraced-house-45-millbridge-way-mill-lane-naas-co-kildare/3736407
464,325000,53.337838,-6.462512,3 Bed,3 Bath,http://www.daft.ie/for-sale/duplex-21-adamstown-way-adamstown-co-dublin/3736402
465,85000,51.906833,-10.337111,3 Bed,1 Bath,http://www.daft.ie/for-sale/townhouse-chapeltown-valentia-island-co-kerry/3736396
466,220000,52.329469,-6.465276,2 Bed,3 Bath,http://www.daft.ie/for-sale/semi-detached-house-39a-p-irc-cluain-mulgannon-wexford-town-co-wexford/3736392
467,75000,54.971657387619246,-7.757172491455577,1+ bed,1+ bath,http://www.daft.ie/for-sale/site-killylastin-letterkenny-co-donegal/3736388
468,299950,53.319841,-6.299063,2 Bed,1 Bath,http://www.daft.ie/for-sale/terraced-house-100-kilfenora-road-kimmage-kimmage-dublin-12/3736381
469,150000,51.739169,-8.780941,3 Bed,1 Bath,http://www.daft.ie/for-sale/semi-detached-house-killountain-bandon-co-cork/3736379
470,179500,52.333343,-6.460381,2 Bed,2 Bath,http://www.daft.ie/for-sale/terraced-house-2-the-pillar-king-street-wexford-town-co-wexford/3736376
471,395000,53.382244,-6.210927,3 Bed,1 Bath,http://www.daft.ie/for-sale/terraced-house-2-castleview-artane-artane-dublin-5/3736375
472,195000,53.606332,-8.556017,4 Bed,2 Bath,http://www.daft.ie/for-sale/semi-detached-house-12-lake-view-glenamaddy-co-galway/3736361
473,190000,52.660292,-8.598776,3 Bed,1 Bath,http://www.daft.ie/for-sale/semi-detached-house-75-hilltop-st-patrick-s-road-co-limerick/3736356
474,345000,53.414662,-6.471379,3 Bed,2 Bath,http://www.daft.ie/for-sale/semi-detached-house-22-woodview-heights-dunboyne-co-meath/3736363
475,450000,53.401081,-6.15314,4 Bed,3 Bath,http://www.daft.ie/for-sale/detached-house-16-beau-park-row-clongriffin-balgriffin-dublin-13/3735102
476,190000,52.652022,-7.255181,3 Bed,1 Bath,http://www.daft.ie/for-sale/duplex-8-city-wall-jamess-street-kilkenny-co-kilkenny/3735972
477,360000,51.498548,-9.322944,4 Bed,2 Bath,http://www.daft.ie/for-sale/detached-house-ardagh-south-baltimore-co-cork/3736343
478,195000,51.622855,-8.884707,2 Bed,2 Bath,http://www.daft.ie/for-sale/apartment-apartment-8-long-quay-apartments-clonakilty-co-cork/3734847
479,289000,53.31946,-6.408987,3 Bed,1 Bath,http://www.daft.ie/for-sale/semi-detached-house-21-cherrywood-grove-clondalkin-clondalkin-dublin-22/3736342
480,125000,52.276214,-9.696659,1 Bed,1 Bath,http://www.daft.ie/for-sale/apartment-12-brook-lodge-house-oakview-village-tralee-co-kerry/2756796
481,49500,53.752534,-9.191055,3 Bed,1 Bath,http://www.daft.ie/for-sale/detached-house-weatherfort-clogher-claremorris-co-mayo/3736329
482,450000,53.440464,-6.147665,3 Bed,3 Bath,http://www.daft.ie/for-sale/duplex-apartment-12-mountfield-park-malahide-co-dublin/3736325
483,250000,53.34268,-6.275479,1 Bed,1 Bath,http://www.daft.ie/for-sale/apartment-100-bertram-court-dublin-8/3736322
484,275000,53.460421,-7.108868,4 Bed,2 Bath,http://www.daft.ie/for-sale/semi-detached-house-80-manorfield-kinnegad-co-westmeath/3736320
485,295000,53.463705,-6.217864,2 Bed,2 Bath,http://www.daft.ie/for-sale/apartment-19-st-fintans-north-street-swords-co-dublin/3736318
486,430000,51.900967,-8.485459,2 Bed,2 Bath,http://www.daft.ie/for-sale/apartment-13-altus-sundays-well-road-sundays-well-co-cork/3736312
487,195000,53.768652,-7.16889,3 Bed,3 Bath,http://www.daft.ie/for-sale/semi-detached-house-17-loughcrew-hills-oldcastle-co-meath/3736307
488,370000,53.275515,-6.357519,3 Bed,3 Bath,http://www.daft.ie/for-sale/semi-detached-house-7-riverview-kiltipper-road-tallaght-dublin-24/3736292
489,165000,53.765721,-7.447332,3 Bed,2 Bath,http://www.daft.ie/for-sale/semi-detached-house-1-an-rath-bheag-abbeylara-co-longford/3736197
490,299950,51.901514,-8.165295,4 Bed,3 Bath,http://www.daft.ie/for-sale/semi-detached-house-53-the-paddocks-castleredmond-midleton-co-cork/3736294
491,265000,53.637622,-6.65206,4 Bed,3 Bath,http://www.daft.ie/for-sale/semi-detached-house-93-boyne-view-johnstown-navan-co-meath/3734077
492,75000,53.891685,-8.343155,2 Bed,1 Bath,http://www.daft.ie/for-sale/detached-house-knockglass-ballinameen-boyle-co-roscommon/3736288
493,345000,53.334855,-6.29951,3 Bed,1 Bath,http://www.daft.ie/for-sale/terraced-house-18-rialto-drive-rialto-dublin-8/3736191
494,99000,53.965955,-8.197724,6 Bed,4 Bath,http://www.daft.ie/for-sale/detached-house-farranagalliagh-west-cootehall-boyle-co-roscommon/3528845
495,130000,52.708771,-8.879453,3 Bed,3 Bath,http://www.daft.ie/for-sale/terraced-house-61-block-b-br-na-sionna-shannon-co-clare/3736162
496,375000,53.399439,-6.211819,3 Bed,1 Bath,http://www.daft.ie/for-sale/semi-detached-house-21-riverside-grove-clonshaugh-clonshaugh-dublin-17/3736112
497,400000,53.281232,-6.421951,3 Bed,3 Bath,http://www.daft.ie/for-sale/semi-detached-house-41-verschoyle-glen-citywest-co-dublin/3736098
498,270000,53.327807,-6.416252,3 Bed,1 Bath,http://www.daft.ie/for-sale/terraced-house-3-lindisfarne-green-clondalkin-clondalkin-dublin-22/3736086
499,79500,54.9961945,-8.3888811,2 Bed,1 Bath,http://www.daft.ie/for-sale/detached-house-country-inn-belcruit-burtonport-co-donegal/3736064
500,194950,55.127783,-8.2817775,3 Bed,3 Bath,http://www.daft.ie/for-sale/detached-house-brinlack-co-donegal/3736066
501,210000,53.283019,-8.982493,2 Bed,1 Bath,http://www.daft.ie/for-sale/apartment-apartment-86-t-r-uisce-co-galway/3736272
502,325000,53.338616,-6.321679,2 Bed,2 Bath,http://www.daft.ie/for-sale/duplex-9-tyrconnell-place-inchicore-dublin-8/3736269
503,285000,52.05408715355304,-9.464114008683936,3 Bed,1 Bath,http://www.daft.ie/new-home-for-sale/semi-detached-house-house-type-j-barraduff-barraduff-killarney-co-kerry/3169870
504,285000,52.05408715355304,-9.464114008683936,3 Bed,2 Bath,http://www.daft.ie/new-home-for-sale/semi-detached-house-house-type-j1-barraduff-barraduff-killarney-co-kerry/3169871
505,300000,51.935181866436665,-10.235626647837137,3 Bed,3 Bath,http://www.daft.ie/new-home-for-sale/detached-house-house-type-g-lighthouse-view-lighthouse-view-cahersiveen-co-kerry/3512077
506,300000,51.935181866436665,-10.235626647837137,4 Bed,3 Bath,http://www.daft.ie/new-home-for-sale/detached-house-house-type-h-lighthouse-view-lighthouse-view-cahersiveen-co-kerry/3512078
507,300000,51.935181866436665,-10.235626647837137,4 Bed,3 Bath,http://www.daft.ie/new-home-for-sale/detached-house-house-type-i-lighthouse-view-lighthouse-view-cahersiveen-co-kerry/3512075
508,300000,51.935181866436665,-10.235626647837137,4 Bed,3 Bath,http://www.daft.ie/new-home-for-sale/detached-house-house-type-j-lighthouse-view-lighthouse-view-cahersiveen-co-kerry/3512076
509,215000,52.694553,-6.64743,3 Bed,1 Bath,http://www.daft.ie/for-sale/end-of-terrace-house-7-moyacomb-clonegal-co-wexford/3736262
510,85000,54.154964471191,-6.7915576781678,1+ bed,1+ bath,http://www.daft.ie/for-sale/detached-house-lackagh-annyalla-castleblayney-co-monaghan/3736264
511,165000,52.816324,-8.968004,3 Bed,1 Bath,http://www.daft.ie/for-sale/terraced-house-16-maddens-terrace-clarecastle-co-clare/3736260
512,295000,52.647377,-8.727724,3 Bed,3 Bath,http://www.daft.ie/for-sale/semi-detached-house-33-ashfort-golf-links-road-castletroy-co-limerick/3736256
513,345000,53.102149,-6.063331,2 Bed,3 Bath,http://www.daft.ie/for-sale/semi-detached-house-4-woodstock-kilcoole-co-wicklow/3736252
514,385000,53.12572,-6.071308,2 Bed,2 Bath,http://www.daft.ie/for-sale/terraced-house-279-charlesland-park-greystones-co-wicklow/3736254
515,140000,52.262927,-7.119503,2 Bed,1 Bath,http://www.daft.ie/for-sale/apartment-apartment-8-bridgeview-court-co-waterford/3736265
516,225000,53.867244,-9.298311,4 Bed,2 Bath,http://www.daft.ie/for-sale/semi-detached-house-58-sion-hill-castlebar-co-mayo/3735944
517,155000,52.208935,-9.012898,3 Bed,1 Bath,http://www.daft.ie/for-sale/detached-house-curraduff-newmarket-co-cork/3736229
518,215000,53.270151,-6.369765,2 Bed,2 Bath,http://www.daft.ie/for-sale/apartment-27-marlfield-close-kiltipper-tallaght-dublin-24/3736225
519,269000,53.270103,-6.368972,3 Bed,2 Bath,http://www.daft.ie/for-sale/duplex-53-marlfield-close-kiltipper-dublin-24/3736220
520,469999,53.28531821547457,-6.359336189925671,5 Bed,3 Bath,http://www.daft.ie/for-sale/end-of-terrace-house-9a-st-maelruans-park-oldbawn-dublin-24/3736216
521,185000,51.804726,-8.567899,2 Bed,1 Bath,http://www.daft.ie/for-sale/apartment-10-castan-doire-halfway-ballinhassig-co-cork/3736215
522,180000,53.995055,-6.41495,3 Bed,2 Bath,http://www.daft.ie/for-sale/terraced-house-2-brook-street-dundalk-co-louth/3736210
523,495000,53.40505,-6.154142,4 Bed,3 Bath,http://www.daft.ie/for-sale/end-of-terrace-house-31-park-terrace-north-clongriffin-dublin-13/3736209
524,450000,53.189574,-6.131418,3 Bed,2 Bath,http://www.daft.ie/for-sale/semi-detached-house-21-richmond-park-bray-co-wicklow/3736208
525,179000,54.969219,-7.757777,3 Bed,3 Bath,http://www.daft.ie/for-sale/semi-detached-house-9-killylastin-heights-letterkenny-co-donegal/3735742
526,145000,54.959683,-7.73988,3 Bed,1 Bath,http://www.daft.ie/for-sale/terraced-house-21-slieve-sneacht-road-letterkenny-co-donegal/3736019
527,349500,53.26805,-6.243741,2 Bed,2 Bath,http://www.daft.ie/for-sale/apartment-apartment-9-blackthorn-hall-ticknock-way-ticknock-hill-sandyford-dublin-18/3736188
528,199000,53.324261,-6.423573,2 Bed,2 Bath,http://www.daft.ie/for-sale/apartment-apartment-83-rath-geal-clondalkin-dublin-22/3736196
529,200000,51.706706,-8.523701,1 Bed,1 Bath,http://www.daft.ie/for-sale/terraced-house-newmans-mall-kinsale-co-cork/3736193
530,285000,53.357863,-6.409623,2 Bed,1 Bath,http://www.daft.ie/for-sale/apartment-49-mount-andrew-rise-lucan-co-dublin/3736192
531,160000,52.368273,-9.786659,2 Bed,1 Bath,http://www.daft.ie/for-sale/detached-house-calla-breena-boarding-kennels-calla-breena-ardfert-co-kerry/3736190
532,208000,52.638059,-8.659367,2 Bed,2 Bath,http://www.daft.ie/for-sale/apartment-7-beigh-haven-father-russell-road-dooradoyle-co-limerick/3735759
533,195000,53.953956,-7.716695,4 Bed,2 Bath,http://www.daft.ie/for-sale/detached-house-aughavas-co-leitrim/3541301
534,260000,51.822864,-8.382911,2 Bed,3 Bath,http://www.daft.ie/for-sale/terraced-house-15-chestnut-crescent-bridgemount-carrigaline-co-cork/3736183
535,235000,52.794435,-6.147833,2 Bed,1 Bath,http://www.daft.ie/for-sale/terraced-house-3-evans-houses-harbour-road-arklow-co-wicklow/3736180
536,289950,52.7609632,-8.1627063,3 Bed,2 Bath,http://www.daft.ie/for-sale/detached-house-brook-lodge-bollingbrook-barnagore-dolla-co-tipperary/3736147
537,130000,53.6586307,-6.6870769,3 Bed,1 Bath,http://www.daft.ie/for-sale/semi-detached-house-98-silverlawns-navan-co-meath/3736141
538,475000,53.5088135,-6.4106089,4 Bed,3 Bath,http://www.daft.ie/for-sale/detached-house-25-churchfield-way-ashbourne-co-meath/3736139
539,495000,53.389807,-6.139916,3 Bed,2 Bath,http://www.daft.ie/for-sale/end-of-terrace-house-22-bayside-square-east-sutton-dublin-13/3736137
540,200000,53.332367,-6.378825,2 Bed,2 Bath,http://www.daft.ie/for-sale/apartment-apartment-8-the-academy-park-west-dublin-12/3736159
541,245000,54.259076,-6.891556,4 Bed,1 Bath,http://www.daft.ie/for-sale/bungalow-annacramp-monaghan-co-monaghan/3736133
542,270000,53.346972,-6.262167,1 Bed,1 Bath,http://www.daft.ie/for-sale/apartment-apartment-123-bachelors-walk-apartments-dublin-1/3735060
543,79000,53.871245,-7.72924,3 Bed,2 Bath,http://www.daft.ie/for-sale/detached-house-kiltycreevagh-ballinamuck-co-longford/3736105
544,159000,52.813766,-8.436619,2 Bed,2 Bath,http://www.daft.ie/for-sale/apartment-10-cnoc-cluain-apartments-cnoc-cluain-ballina-co-tipperary/3736128
545,395000,53.185756,-6.107145,2 Bed,1 Bath,http://www.daft.ie/for-sale/end-of-terrace-house-69-riddlesford-bray-co-wicklow/3736121
546,374950,53.320122,-6.320445,3 Bed,1 Bath,http://www.daft.ie/for-sale/terraced-house-64-moeran-road-walkinstown-walkinstown-dublin-12/3736074
547,399000,52.933079,-9.318836,3 Bed,4 Bath,http://www.daft.ie/for-sale/detached-house-5-hillcrest-dough-lahinch-co-clare/3736060
548,200000,52.896321,-6.895374,3 Bed,1 Bath,http://www.daft.ie/for-sale/bungalow-crooket-house-crooket-maganey-carlow-town-co-carlow/3736056
549,350000,53.344996,-6.432529,3 Bed,3 Bath,http://www.daft.ie/for-sale/semi-detached-house-3-elm-wood-lucan-co-dublin/3736070
550,250000,53.095692,-8.210816,5 Bed,4 Bath,http://www.daft.ie/for-sale/detached-house-larragha-palmerston-portumna-loughrea-co-galway/3736051
551,220000,52.641345,-6.240759,3 Bed,3 Bath,http://www.daft.ie/for-sale/semi-detached-house-6-riverchapel-walk-riverchapel-gorey-co-wexford/3736050
552,160000,52.238802,-7.135487,3 Bed,2 Bath,http://www.daft.ie/for-sale/terraced-house-25-willow-brook-templars-hall-co-waterford/3736061
553,179000,53.32412,-6.393543,1 Bed,1 Bath,http://www.daft.ie/for-sale/apartment-apartment-22-block-a-thornfield-square-clondalkin-dublin-22/3736054
554,320000,53.607432,-6.202049,3 Bed,3 Bath,http://www.daft.ie/for-sale/semi-detached-house-5-hampton-gardens-grove-balbriggan-co-dublin/3736043
555,230000,51.655669,-9.895129,3 Bed,3 Bath,http://www.daft.ie/for-sale/semi-detached-house-32-mariners-view-derrymihan-west-castletownbere-co-cork/3736045
556,129000,53.943407,-8.935081,2 Bed,1 Bath,http://www.daft.ie/for-sale/detached-house-47-rathdubh-swinford-co-mayo/3736047
557,170000,52.24015,-7.132931,3 Bed,3 Bath,http://www.daft.ie/for-sale/semi-detached-house-9-briot-avenue-templars-hall-co-waterford/3736035
558,494950,53.295004,-6.241087,3 Bed,2 Bath,http://www.daft.ie/for-sale/semi-detached-house-96-rosemount-estate-dundrum-dundrum-dublin-14/3736030
559,460000,51.807531,-8.37043,4 Bed,3 Bath,http://www.daft.ie/for-sale/detached-house-alderbrook-kilnagleary-carrigaline-co-cork/3736028
560,190000,52.241649,-7.131155,3 Bed,3 Bath,http://www.daft.ie/for-sale/semi-detached-house-8-briot-grove-templars-hall-co-waterford/3736023
561,365000,53.24758,-6.146325,3 Bed,2 Bath,http://www.daft.ie/for-sale/apartment-156-the-oval-tullyvale-cabinteely-dublin-18/3568085
562,495000,53.324721,-6.259706,2 Bed,1 Bath,http://www.daft.ie/for-sale/terraced-house-27-rugby-road-ranelagh-ranelagh-dublin-6/3734966
563,260000,53.295621,-7.503986,4 Bed,2 Bath,http://www.daft.ie/for-sale/semi-detached-house-53-norbury-woods-green-tullamore-co-offaly/3736003
564,320000,53.741667,-9.873727,4 Bed,2 Bath,http://www.daft.ie/for-sale/detached-house-dooghmakeon-louisburgh-co-mayo/3735997
565,269950,53.405623,-6.294125,3 Bed,3 Bath,http://www.daft.ie/for-sale/duplex-55-seagrave-drive-finglas-finglas-dublin-11/3735996
566,230000,53.631243,-6.270688,2 Bed,2 Bath,http://www.daft.ie/for-sale/terraced-house-13-forgehill-rise-stamullen-co-meath/3735993
567,199000,52.449768,-9.465978,3 Bed,3 Bath,http://www.daft.ie/for-sale/semi-detached-house-12-beech-grove-cahirdown-listowel-co-kerry/3735963
568,225000,53.342143,-6.296644,2 Bed,1 Bath,http://www.daft.ie/for-sale/apartment-apartment-11-bow-bridge-house-bow-bridge-kilmainham-dublin-8/3735951
569,245000,53.7308906,-6.8701253,3 Bed,2 Bath,http://www.daft.ie/for-sale/end-of-terrace-house-29-stonebridge-kells-co-meath/3735930
570,449950,53.361354,-6.265391,4 Bed,4 Bath,http://www.daft.ie/for-sale/end-of-terrace-house-48-innisfallen-parade-phibsborough-phibsborough-dublin-7/3735937
571,80000,52.7020607,-6.2857439,1+ bed,1+ bath,http://www.daft.ie/for-sale/site-knockina-the-rock-gorey-co-wexford/3735931
572,395000,51.675847,-8.798208,3 Bed,1 Bath,http://www.daft.ie/for-sale/detached-house-skeaf-west-clogagh-timoleague-co-cork/3735909
573,335000,53.298988,-6.220439,1 Bed,1 Bath,http://www.daft.ie/for-sale/apartment-apartment-60-the-atrium-roebuck-hill-roebuck-road-clonskeagh-dublin-14/3735925
574,49000,52.385,-9.30178,1 Bed,1 Bath,http://www.daft.ie/for-sale/terraced-house-the-square-abbeyfeale-co-limerick/3735900
575,250000,53.338444,-6.321092,2 Bed,1 Bath,http://www.daft.ie/for-sale/apartment-apartment-97-block-e-the-tramyard-dublin-8/3735911
576,450000,52.359157,-7.702866,6 Bed,3 Bath,http://www.daft.ie/for-sale/detached-house-1-air-hill-prior-park-clonmel-co-tipperary/3732466
577,125000,53.857455,-9.295674,2 Bed,1 Bath,http://www.daft.ie/for-sale/terraced-house-49-mccormack-estate-castlebar-co-mayo/3735879
578,180000,54.972258,-7.724593,4 Bed,3 Bath,http://www.daft.ie/for-sale/semi-detached-house-55-thornberry-letterkenny-co-donegal/3735874
579,320000,51.625308,-8.894821,3 Bed,3 Bath,http://www.daft.ie/for-sale/detached-house-4-sea-breeze-heights-clonakilty-co-cork/3734571
580,295000,53.249659,-6.179457,2 Bed,2 Bath,http://www.daft.ie/for-sale/apartment-apartment-15-oak-house-carrickmines-dublin-18/3735859
581,425000,52.389819,-7.548359,4 Bed,3 Bath,http://www.daft.ie/for-sale/detached-house-3-graigue-meadows-ballypatrick-clonmel-co-tipperary/3735840
582,339950,53.521953,-7.322501,4 Bed,2 Bath,http://www.daft.ie/for-sale/semi-detached-house-23-glenmore-wood-mullingar-co-westmeath/3735849
583,349000,53.281536,-6.471012,3 Bed,3 Bath,http://www.daft.ie/for-sale/apartment-apartment-38-eaton-close-rathcoole-co-dublin/3735837
584,165000,52.26587,-9.710876,3 Bed,2 Bath,http://www.daft.ie/for-sale/terraced-house-6-green-view-terrace-tralee-co-kerry/3735825
585,285000,51.892209,-8.597326,2 Bed,2 Bath,http://www.daft.ie/for-sale/apartment-45-leslies-arch-old-quarter-ballincollig-co-cork/3735810
586,345000,53.389945,-6.247287,3 Bed,2 Bath,http://www.daft.ie/for-sale/terraced-house--3-ailesbury-shanowen-road-santry-dublin-9/3735800
587,250000,53.323185,-6.281423,1 Bed,1 Bath,http://www.daft.ie/for-sale/apartment-42-laurence-court-harolds-cross-dublin-6/3735787
588,170000,52.401971,-6.935479,3 Bed,1 Bath,http://www.daft.ie/for-sale/bungalow-6-castlemoyle-heights-new-ross-co-wexford/3735785
589,215000,53.423086,-8.000711,3 Bed,1 Bath,http://www.daft.ie/for-sale/detached-house-28-river-village-monksland-athlone-co-roscommon/3735794
590,200000,54.16625693879098,-8.609744234708899,3 Bed,3 Bath,http://www.daft.ie/new-home-for-sale/semi-detached-house-b1-type-3-bed-semi-woodstream-woodstream-coolaney-co-sligo/3155571
591,230000,54.16625693879098,-8.609744234708899,4 Bed,3 Bath,http://www.daft.ie/new-home-for-sale/semi-detached-house-house-type-a-woodstream-woodstream-coolaney-co-sligo/3184893
592,310000,54.244756,-6.98479,5 Bed,4 Bath,http://www.daft.ie/for-sale/detached-house-1-canal-view-clones-road-monaghan-co-monaghan/3735784
593,385000,53.250727,-9.156048,2 Bed,2 Bath,http://www.daft.ie/for-sale/apartment-17-creagan-barna-co-galway/3735777
594,130000,54.256416,-6.96696,2 Bed,1 Bath,http://www.daft.ie/for-sale/apartment-32-riverside-coolshannagh-monaghan-co-monaghan/3735782
595,95000,52.698971,-9.420434,2 Bed,1 Bath,http://www.daft.ie/for-sale/detached-house-tiernaglohane-cooraclare-kilrush-co-clare/3735775
596,150000,53.999458,-6.403816,3 Bed,1 Bath,http://www.daft.ie/for-sale/bungalow-22-thomas-street-dundalk-co-louth/3735762
597,385000,53.282356,-6.430647,4 Bed,3 Bath,http://www.daft.ie/for-sale/semi-detached-house-5-carrigmore-close-citywest-co-dublin/3735119
598,390000,51.874715,-8.533353,5 Bed,2 Bath,http://www.daft.ie/for-sale/semi-detached-house-28-halldene-drive-bishopstown-bishopstown-co-cork/3735741
599,350000,53.330757,-6.225423,1 Bed,1 Bath,http://www.daft.ie/for-sale/apartment-9-clyde-house-ballsbridge-court-dublin-4/3735731
600,265000,53.401432,-6.293661,3 Bed,3 Bath,http://www.daft.ie/for-sale/duplex-18-melville-drive-meakstown-finglas-dublin-11/3735728
601,210000,53.391941,-6.227202,1 Bed,1 Bath,http://www.daft.ie/for-sale/apartment-apartment-45-beaumont-court-beaumont-dublin-9/3735719
602,179000,53.290506,-6.680982,1 Bed,1 Bath,http://www.daft.ie/for-sale/apartment-apartment-45-block-a-the-avenue-clane-co-kildare/3735717
603,40000,54.112257,-9.044157,1+ bed,1+ bath,http://www.daft.ie/for-sale/site-carralavin-bonniconlon-bonniconlon-co-mayo/3735712
604,285000,53.391245,-6.672132,3 Bed,3 Bath,http://www.daft.ie/for-sale/end-of-terrace-house-141-shawbridge-chambers-park-kilcock-co-kildare/3731440
605,295000,53.228685,-6.656538,3 Bed,1 Bath,http://www.daft.ie/for-sale/bungalow-homeleigh-118-monread-heights-naas-co-kildare/3735232
606,395000,53.452993,-6.249388,3 Bed,2 Bath,http://www.daft.ie/for-sale/semi-detached-house-41-brookdale-road-swords-co-dublin/3735700
607,310000,54.148902,-6.798836,4 Bed,3 Bath,http://www.daft.ie/for-sale/detached-house-lackagh-castleblayney-co-monaghan/3735678
608,190000,53.336981,-6.296621,1 Bed,1 Bath,http://www.daft.ie/for-sale/apartment-apartment-56-rialto-court-rialto-dublin-8/3735664
